model,category,rank,keyword,distance
skipgram,total,1,공의롭,0.7699013948440552
skipgram,total,2,롭지못,0.7388883233070374
skipgram,total,3,공명정대,0.7308474779129028
skipgram,total,4,공서,0.7183877229690552
skipgram,total,5,실혐될,0.7179642915725708
skipgram,total,6,공정,0.717954158782959
skipgram,total,7,정의롭,0.7164854407310486
skipgram,total,8,무너뜨렸다,0.7009764313697815
skipgram,total,9,참되고,0.6999589204788208
skipgram,total,10,인과응보,0.6945455074310303
skipgram,total,11,정의도,0.6820814609527588
skipgram,total,12,양속,0.6797229051589966
skipgram,total,13,롭자,0.6778435707092285
skipgram,total,14,징악,0.6744657754898071
skipgram,total,15,법치,0.6695744395256042
skipgram,total,16,구현,0.6683799028396606
skipgram,total,17,무너뜨렸,0.6672090291976929
skipgram,total,18,뒤엎는,0.6620960235595703
skipgram,total,19,롭습,0.6618288159370422
skipgram,total,20,공정사회,0.6603707075119019
skipgram,total,21,롭다던,0.6593443155288696
skipgram,total,22,법언,0.651357114315033
skipgram,total,23,께끗,0.6511573791503906
skipgram,total,24,짓뭉개,0.64765465259552
skipgram,total,25,특감하,0.6455380320549011
skipgram,total,26,천칭,0.6439968347549438
skipgram,total,27,실현,0.6419597864151001
skipgram,total,28,국민국가,0.6411111950874329
skipgram,total,29,의페셰,0.6380405426025391
skipgram,total,30,강부약,0.6369677782058716
skipgram,total,31,디케,0.6348684430122375
skipgram,total,32,법답,0.6341853737831116
skipgram,total,33,깨끝,0.6334516406059265
skipgram,total,34,무너뜨렸습니,0.631801187992096
skipgram,total,35,정교분리,0.6307415962219238
skipgram,total,36,오묘,0.6302399635314941
skipgram,total,37,계헤,0.629700243473053
skipgram,total,38,롭기,0.6296898722648621
skipgram,total,39,피타고라스,0.6263367533683777
skipgram,total,40,자본주,0.6251183748245239
skipgram,total,41,훼절,0.6250158548355103
skipgram,total,42,홉스,0.6246148943901062
skipgram,total,43,엮었다,0.624567449092865
skipgram,total,44,법잣,0.6239539384841919
skipgram,total,45,루니,0.6233351230621338
skipgram,total,46,법치행정,0.622878909111023
skipgram,total,47,평등,0.6226720213890076
skipgram,total,48,목마름,0.6217565536499023
skipgram,total,49,민주주의,0.621601939201355
skipgram,total,50,바름,0.6212940216064453
skipgram,경제민주화,1,구현,0.7055829167366028
skipgram,경제민주화,2,법앞,0.69617760181427
skipgram,경제민주화,3,평등,0.6800148487091064
skipgram,경제민주화,4,민주화,0.6743168830871582
skipgram,경제민주화,5,실현,0.6668279767036438
skipgram,경제민주화,6,반칙,0.6662182807922363
skipgram,경제민주화,7,경제민주화,0.6588979363441467
skipgram,경제민주화,8,구호,0.655953049659729
skipgram,경제민주화,9,사회인,0.6491324305534363
skipgram,경제민주화,10,성숙,0.644496738910675
skipgram,경제민주화,11,바르게,0.6439633369445801
skipgram,경제민주화,12,공정,0.6431378722190857
skipgram,경제민주화,13,은공,0.6413231492042542
skipgram,경제민주화,14,관념,0.6410645246505737
skipgram,경제민주화,15,행복추구,0.6402314901351929
skipgram,경제민주화,16,첫걸음,0.6354787349700928
skipgram,경제민주화,17,풍토,0.6311604976654053
skipgram,경제민주화,18,기강,0.6286407709121704
skipgram,경제민주화,19,법치,0.6251381039619446
skipgram,경제민주화,20,법질서,0.6232353448867798
skipgram,경제민주화,21,인민,0.6207442879676819
skipgram,경제민주화,22,로움,0.6196513175964355
skipgram,경제민주화,23,실천,0.6174122095108032
skipgram,경제민주화,24,국어사전,0.6172651052474976
skipgram,경제민주화,25,롭다,0.6150131225585938
skipgram,경제민주화,26,주창,0.6146857738494873
skipgram,경제민주화,27,기독교도,0.6142934560775757
skipgram,경제민주화,28,욕망,0.6142836213111877
skipgram,경제민주화,29,대마불사,0.6126917600631714
skipgram,경제민주화,30,만인,0.6070433855056763
skipgram,경제민주화,31,롭,0.6061413288116455
skipgram,경제민주화,32,존엄성,0.6052042245864868
skipgram,경제민주화,33,위상,0.6041988730430603
skipgram,경제민주화,34,위아래,0.6039544343948364
skipgram,경제민주화,35,장애물,0.6035125255584717
skipgram,경제민주화,36,어낸,0.603492021560669
skipgram,경제민주화,37,파수,0.6034821271896362
skipgram,경제민주화,38,몸소,0.6005879640579224
skipgram,경제민주화,39,초석,0.6002269983291626
skipgram,경제민주화,40,굴복,0.5996371507644653
skipgram,경제민주화,41,반듯이,0.5989696979522705
skipgram,경제민주화,42,국민주권,0.598418116569519
skipgram,경제민주화,43,었는,0.5978118181228638
skipgram,경제민주화,44,엄단하,0.5964772701263428
skipgram,경제민주화,45,표방,0.5964758396148682
skipgram,경제민주화,46,정의도,0.5959946513175964
skipgram,경제민주화,47,람사,0.5957688093185425
skipgram,경제민주화,48,초심,0.595487117767334
skipgram,경제민주화,49,한길,0.5932090282440186
skipgram,경제민주화,50,성취,0.5930418968200684
skipgram,교통건축국토,1,공평,0.7603698968887329
skipgram,교통건축국토,2,구현,0.7501567602157593
skipgram,교통건축국토,3,롭다,0.7203836441040039
skipgram,교통건축국토,4,정의도,0.6855506300926208
skipgram,교통건축국토,5,표방,0.6781642436981201
skipgram,교통건축국토,6,평등,0.6774585247039795
skipgram,교통건축국토,7,법치국가,0.6739213466644287
skipgram,교통건축국토,8,반칙,0.6712096333503723
skipgram,교통건축국토,9,정녕,0.6574134826660156
skipgram,교통건축국토,10,기강,0.655103325843811
skipgram,교통건축국토,11,법앞,0.654429018497467
skipgram,교통건축국토,12,입각,0.6529281139373779
skipgram,교통건축국토,13,다수결,0.649357795715332
skipgram,교통건축국토,14,실현,0.6449406743049622
skipgram,교통건축국토,15,진리,0.6445043683052063
skipgram,교통건축국토,16,풍토,0.6404798030853271
skipgram,교통건축국토,17,구태,0.6369949579238892
skipgram,교통건축국토,18,공정,0.6368592977523804
skipgram,교통건축국토,19,포용,0.6362379789352417
skipgram,교통건축국토,20,첫걸음,0.6334757208824158
skipgram,교통건축국토,21,공정사회,0.6329928040504456
skipgram,교통건축국토,22,지향,0.630407989025116
skipgram,교통건축국토,23,준엄,0.6302920579910278
skipgram,교통건축국토,24,성문법,0.6298037767410278
skipgram,교통건축국토,25,꼴입,0.6281551122665405
skipgram,교통건축국토,26,통념,0.6264519691467285
skipgram,교통건축국토,27,괴리된,0.6264156103134155
skipgram,교통건축국토,28,민주주의,0.6254160404205322
skipgram,교통건축국토,29,조세,0.6239908933639526
skipgram,교통건축국토,30,구호,0.6222944855690002
skipgram,교통건축국토,31,응분,0.6216349005699158
skipgram,교통건축국토,32,이나라,0.6209806203842163
skipgram,교통건축국토,33,청렴,0.6202472448348999
skipgram,교통건축국토,34,특권,0.619667649269104
skipgram,교통건축국토,35,명맥,0.6171167492866516
skipgram,교통건축국토,36,촞불,0.6164488792419434
skipgram,교통건축국토,37,주의자,0.6154261827468872
skipgram,교통건축국토,38,낙오,0.6124207973480225
skipgram,교통건축국토,39,복지국가,0.6107883453369141
skipgram,교통건축국토,40,행정행위,0.6096388697624207
skipgram,교통건축국토,41,한나라,0.6078189015388489
skipgram,교통건축국토,42,자유시장경제,0.6072161197662354
skipgram,교통건축국토,43,그름,0.6060571670532227
skipgram,교통건축국토,44,바랬,0.6051312685012817
skipgram,교통건축국토,45,삶림,0.6042203903198242
skipgram,교통건축국토,46,불소,0.6034325361251831
skipgram,교통건축국토,47,형평,0.6034225225448608
skipgram,교통건축국토,48,도덕성,0.6008326411247253
skipgram,교통건축국토,49,신의성실,0.6006984710693359
skipgram,교통건축국토,50,응능,0.6001039147377014
skipgram,기타,1,구현,0.7276290655136108
skipgram,기타,2,실혐될,0.7247396111488342
skipgram,기타,3,롭다,0.7178906798362732
skipgram,기타,4,법치,0.6689057350158691
skipgram,기타,5,법질서,0.6594541072845459
skipgram,기타,6,실현,0.6580219268798828
skipgram,기타,7,준엄,0.6551270484924316
skipgram,기타,8,민주주의,0.6506056785583496
skipgram,기타,9,박애,0.6486615538597107
skipgram,기타,10,정의롭,0.6476075649261475
skipgram,기타,11,만물,0.6475282311439514
skipgram,기타,12,강자,0.6471063494682312
skipgram,기타,13,강남좌파,0.6462966203689575
skipgram,기타,14,불의,0.6423476338386536
skipgram,기타,15,현주소,0.6398749351501465
skipgram,기타,16,인과응보,0.6392254829406738
skipgram,기타,17,실천,0.6391880512237549
skipgram,기타,18,정정당당,0.6389095187187195
skipgram,기타,19,출발점,0.6387101411819458
skipgram,기타,20,슬기,0.6383519172668457
skipgram,기타,21,국민주권,0.6381258368492126
skipgram,기타,22,공정사회,0.6358939409255981
skipgram,기타,23,선봉,0.635699450969696
skipgram,기타,24,밑바탕,0.6345144510269165
skipgram,기타,25,부끄럼,0.6337843537330627
skipgram,기타,26,책무,0.6336400508880615
skipgram,기타,27,공명정대,0.6296907067298889
skipgram,기타,28,갈망,0.6282084584236145
skipgram,기타,29,진리,0.6263245344161987
skipgram,기타,30,출세,0.6261893510818481
skipgram,기타,31,위엄,0.6256558895111084
skipgram,기타,32,공명,0.625053346157074
skipgram,기타,33,만능,0.6247304677963257
skipgram,기타,34,유토피아,0.6213151216506958
skipgram,기타,35,국어사전,0.6211113929748535
skipgram,기타,36,열망,0.6188145875930786
skipgram,기타,37,반한,0.617256224155426
skipgram,기타,38,망동,0.6157436370849609
skipgram,기타,39,공평,0.6154459714889526
skipgram,기타,40,공정,0.6138912439346313
skipgram,기타,41,면모,0.6128625273704529
skipgram,기타,42,타파,0.6127036213874817
skipgram,기타,43,도리이,0.6110433340072632
skipgram,기타,44,반합,0.6109614372253418
skipgram,기타,45,망각,0.6101950407028198
skipgram,기타,46,온정,0.6098844408988953
skipgram,기타,47,단면,0.6086883544921875
skipgram,기타,48,근간,0.6085479259490967
skipgram,기타,49,돈앞,0.6082807779312134
skipgram,기타,50,맹세,0.6071346402168274
skipgram,농산어촌,1,평등,0.9610370397567749
skipgram,농산어촌,2,기강,0.9571436047554016
skipgram,농산어촌,3,청탁,0.956622838973999
skipgram,농산어촌,4,약자,0.9563372135162354
skipgram,농산어촌,5,인권,0.9556131362915039
skipgram,농산어촌,6,응원,0.9555578231811523
skipgram,농산어촌,7,현명,0.9551419019699097
skipgram,농산어촌,8,공감,0.9548118114471436
skipgram,농산어촌,9,존엄,0.952112078666687
skipgram,농산어촌,10,격려,0.9519977569580078
skipgram,농산어촌,11,기본권,0.9515940546989441
skipgram,농산어촌,12,탄생,0.9502227306365967
skipgram,농산어촌,13,여론,0.9502002000808716
skipgram,농산어촌,14,노고,0.9495812654495239
skipgram,농산어촌,15,라면,0.9490962624549866
skipgram,농산어촌,16,주권,0.9476927518844604
skipgram,농산어촌,17,소통,0.9461686611175537
skipgram,농산어촌,18,진정,0.9452015161514282
skipgram,농산어촌,19,간청,0.9447976350784302
skipgram,농산어촌,20,진실,0.9446821212768555
skipgram,농산어촌,21,소망,0.9446470737457275
skipgram,농산어촌,22,방지법,0.9444230794906616
skipgram,농산어촌,23,민주주의,0.9443863034248352
skipgram,농산어촌,24,요약,0.9440945982933044
skipgram,농산어촌,25,과제,0.9440810084342957
skipgram,농산어촌,26,두서,0.943217396736145
skipgram,농산어촌,27,반품,0.9425477385520935
skipgram,농산어촌,28,박원순,0.9423145651817322
skipgram,농산어촌,29,국정,0.94170081615448
skipgram,농산어촌,30,목소리,0.9406436085700989
skipgram,농산어촌,31,라며,0.9396767616271973
skipgram,농산어촌,32,도무지,0.9394063949584961
skipgram,농산어촌,33,해하,0.93932044506073
skipgram,농산어촌,34,드림,0.9390945434570312
skipgram,농산어촌,35,교과서,0.9388952851295471
skipgram,농산어촌,36,자존심,0.938276469707489
skipgram,농산어촌,37,진심,0.9382165670394897
skipgram,농산어촌,38,한가지,0.9376894235610962
skipgram,농산어촌,39,주셧으,0.9368852376937866
skipgram,농산어촌,40,성실,0.9363242387771606
skipgram,농산어촌,41,수석,0.9362971782684326
skipgram,농산어촌,42,법안,0.9356881380081177
skipgram,농산어촌,43,기바,0.9356116056442261
skipgram,농산어촌,44,라보,0.9355835914611816
skipgram,농산어촌,45,바램,0.935550332069397
skipgram,농산어촌,46,결단,0.9355413317680359
skipgram,농산어촌,47,적패,0.93529212474823
skipgram,농산어촌,48,절박,0.9350523948669434
skipgram,농산어촌,49,시일,0.9347461462020874
skipgram,농산어촌,50,역사,0.9344956278800964
skipgram,문화예술체육언론,1,실현,0.6956106424331665
skipgram,문화예술체육언론,2,구현,0.6942340731620789
skipgram,문화예술체육언론,3,계헤,0.6878448724746704
skipgram,문화예술체육언론,4,불의,0.6811826229095459
skipgram,문화예술체육언론,5,평등,0.6645361185073853
skipgram,문화예술체육언론,6,정의롭,0.6559734344482422
skipgram,문화예술체육언론,7,깨끗,0.6476597785949707
skipgram,문화예술체육언론,8,롭다,0.6404345035552979
skipgram,문화예술체육언론,9,희희낙락,0.638970136642456
skipgram,문화예술체육언론,10,어쨌든,0.6383309364318848
skipgram,문화예술체육언론,11,건데,0.6373331546783447
skipgram,문화예술체육언론,12,공정사회,0.6347082853317261
skipgram,문화예술체육언론,13,계해,0.6301119923591614
skipgram,문화예술체육언론,14,로움,0.6170935034751892
skipgram,문화예술체육언론,15,공정,0.6138434410095215
skipgram,문화예술체육언론,16,타협,0.6097409725189209
skipgram,문화예술체육언론,17,법치국가,0.6072609424591064
skipgram,문화예술체육언론,18,단죄,0.6052504777908325
skipgram,문화예술체육언론,19,민주주의,0.6044186353683472
skipgram,문화예술체육언론,20,기인,0.6031748056411743
skipgram,문화예술체육언론,21,울,0.6004361510276794
skipgram,문화예술체육언론,22,진리,0.6003017425537109
skipgram,문화예술체육언론,23,중시,0.5994625091552734
skipgram,문화예술체육언론,24,진실성,0.5978705883026123
skipgram,문화예술체육언론,25,법치,0.5950984954833984
skipgram,문화예술체육언론,26,배반,0.5900355577468872
skipgram,문화예술체육언론,27,순응,0.5898752212524414
skipgram,문화예술체육언론,28,중요시,0.5888374447822571
skipgram,문화예술체육언론,29,스포츠맨,0.5886828303337097
skipgram,문화예술체육언론,30,만인,0.5883139967918396
skipgram,문화예술체육언론,31,처단,0.5880205631256104
skipgram,문화예술체육언론,32,대수,0.5878621339797974
skipgram,문화예술체육언론,33,정론,0.5868159532546997
skipgram,문화예술체육언론,34,가바,0.5860536694526672
skipgram,문화예술체육언론,35,민주공화국,0.5834678411483765
skipgram,문화예술체육언론,36,뉘,0.5824778079986572
skipgram,문화예술체육언론,37,일말,0.5822806358337402
skipgram,문화예술체육언론,38,환원,0.5811189413070679
skipgram,문화예술체육언론,39,투철,0.5803083777427673
skipgram,문화예술체육언론,40,준엄,0.5800443291664124
skipgram,문화예술체육언론,41,그름,0.5797586441040039
skipgram,문화예술체육언론,42,정녕,0.5792094469070435
skipgram,문화예술체육언론,43,정면,0.5791732668876648
skipgram,문화예술체육언론,44,올바로,0.5773047804832458
skipgram,문화예술체육언론,45,저항,0.5772188305854797
skipgram,문화예술체육언론,46,지수,0.5768424272537231
skipgram,문화예술체육언론,47,무었,0.576827347278595
skipgram,문화예술체육언론,48,풍요,0.5766220092773438
skipgram,문화예술체육언론,49,무신경,0.5764175653457642
skipgram,문화예술체육언론,50,응징,0.5753936767578125
skipgram,미래,1,징악,0.6842626333236694
skipgram,미래,2,아난다,0.6750351190567017
skipgram,미래,3,권선,0.669654369354248
skipgram,미래,4,체조,0.6387383937835693
skipgram,미래,5,길임,0.6350240111351013
skipgram,미래,6,이타,0.6295379400253296
skipgram,미래,7,법위,0.6257857084274292
skipgram,미래,8,악습,0.6240866184234619
skipgram,미래,9,군림,0.6224795579910278
skipgram,미래,10,법치,0.6223326921463013
skipgram,미래,11,벌떡,0.6125102043151855
skipgram,미래,12,롭다,0.6023355722427368
skipgram,미래,13,천민,0.5979844331741333
skipgram,미래,14,준엄,0.5960988998413086
skipgram,미래,15,공정,0.595563530921936
skipgram,미래,16,지름길,0.5934993028640747
skipgram,미래,17,신미,0.5901409387588501
skipgram,미래,18,불탓던,0.5875421762466431
skipgram,미래,19,파멸,0.5841808915138245
skipgram,미래,20,굴복,0.5835878849029541
skipgram,미래,21,밑거름,0.5835806131362915
skipgram,미래,22,헬조선,0.5832378268241882
skipgram,미래,23,생가,0.5814100503921509
skipgram,미래,24,가책,0.5813784599304199
skipgram,미래,25,지극,0.5799601078033447
skipgram,미래,26,동방예의지국,0.5784868001937866
skipgram,미래,27,법치국가,0.5782369375228882
skipgram,미래,28,무었,0.5765522122383118
skipgram,미래,29,진리,0.5764217376708984
skipgram,미래,30,게임기,0.5748846530914307
skipgram,미래,31,문란,0.5741705298423767
skipgram,미래,32,사이비종교,0.5735887289047241
skipgram,미래,33,신천지교,0.5732413530349731
skipgram,미래,34,기해,0.5728877186775208
skipgram,미래,35,허망,0.5722699761390686
skipgram,미래,36,약자,0.5719709396362305
skipgram,미래,37,고귀,0.5719062089920044
skipgram,미래,38,온정,0.5708543062210083
skipgram,미래,39,성립,0.5706930160522461
skipgram,미래,40,일소,0.5703833103179932
skipgram,미래,41,롭다던,0.5696961879730225
skipgram,미래,42,부메랑,0.568327784538269
skipgram,미래,43,무상관,0.5676273107528687
skipgram,미래,44,다압니,0.5669286847114563
skipgram,미래,45,멸종,0.566333532333374
skipgram,미래,46,위계,0.5663245916366577
skipgram,미래,47,악인,0.5659434199333191
skipgram,미래,48,정형식,0.5651774406433105
skipgram,미래,49,용납,0.5641624331474304
skipgram,미래,50,법앞,0.5634609460830688
skipgram,반려동물,1,역행,0.9243348836898804
skipgram,반려동물,2,범법,0.9167248606681824
skipgram,반려동물,3,친화력,0.9145975708961487
skipgram,반려동물,4,전문가,0.9128361940383911
skipgram,반려동물,5,발달,0.9099938869476318
skipgram,반려동물,6,도고,0.9092479944229126
skipgram,반려동물,7,방해,0.9084221720695496
skipgram,반려동물,8,침,0.907488226890564
skipgram,반려동물,9,탁상,0.907376766204834
skipgram,반려동물,10,상대,0.9071294069290161
skipgram,반려동물,11,반발,0.9067591428756714
skipgram,반려동물,12,수렴,0.9065868854522705
skipgram,반려동물,13,모방,0.9058167338371277
skipgram,반려동물,14,해석,0.904891848564148
skipgram,반려동물,15,도태,0.9031095504760742
skipgram,반려동물,16,주관,0.9017840623855591
skipgram,반려동물,17,인성,0.9012175798416138
skipgram,반려동물,18,포괄,0.9009227752685547
skipgram,반려동물,19,냉정,0.8996870517730713
skipgram,반려동물,20,대안,0.8988820314407349
skipgram,반려동물,21,조장,0.8985352516174316
skipgram,반려동물,22,침해,0.8971946239471436
skipgram,반려동물,23,다양성,0.8969456553459167
skipgram,반려동물,24,나치,0.8959587216377258
skipgram,반려동물,25,주체,0.895904541015625
skipgram,반려동물,26,과거,0.8943448066711426
skipgram,반려동물,27,부정,0.8927984833717346
skipgram,반려동물,28,공정,0.8922631144523621
skipgram,반려동물,29,자율,0.8914732336997986
skipgram,반려동물,30,자유권,0.8914598822593689
skipgram,반려동물,31,반영,0.8910549879074097
skipgram,반려동물,32,다소,0.8904232978820801
skipgram,반려동물,33,괴리,0.8898733854293823
skipgram,반려동물,34,국제,0.8898522853851318
skipgram,반려동물,35,보편,0.8891007304191589
skipgram,반려동물,36,소급,0.8882266879081726
skipgram,반려동물,37,제하,0.888083279132843
skipgram,반려동물,38,진입,0.8871891498565674
skipgram,반려동물,39,기본권,0.8863867521286011
skipgram,반려동물,40,측면,0.8862676024436951
skipgram,반려동물,41,주요,0.8857264518737793
skipgram,반려동물,42,정치,0.8850976228713989
skipgram,반려동물,43,과학,0.8848156929016113
skipgram,반려동물,44,대중,0.8838109970092773
skipgram,반려동물,45,설문조사,0.8836666345596313
skipgram,반려동물,46,특별,0.8833529949188232
skipgram,반려동물,47,정당,0.8815781474113464
skipgram,반려동물,48,핵가족,0.8812113404273987
skipgram,반려동물,49,개개인,0.8809888362884521
skipgram,반려동물,50,이미지,0.8808746337890625
skipgram,보건복지,1,공정,0.6904027462005615
skipgram,보건복지,2,민주주의,0.6839340925216675
skipgram,보건복지,3,입각,0.6818087697029114
skipgram,보건복지,4,다수결,0.6723663806915283
skipgram,보건복지,5,초석,0.6693488359451294
skipgram,보건복지,6,바름,0.6662188768386841
skipgram,보건복지,7,우위,0.6656059622764587
skipgram,보건복지,8,다복,0.659543514251709
skipgram,보건복지,9,회연,0.6544622182846069
skipgram,보건복지,10,공평,0.6499789953231812
skipgram,보건복지,11,순리,0.6474092602729797
skipgram,보건복지,12,정반대,0.6463594436645508
skipgram,보건복지,13,부조리,0.640076220035553
skipgram,보건복지,14,이념,0.6400444507598877
skipgram,보건복지,15,민주공화국,0.6378445625305176
skipgram,보건복지,16,성숙,0.6346554160118103
skipgram,보건복지,17,어긋,0.6325003504753113
skipgram,보건복지,18,개법,0.6297060251235962
skipgram,보건복지,19,재삼,0.6263872385025024
skipgram,보건복지,20,사회주의,0.6249113082885742
skipgram,보건복지,21,퇴색,0.6248196363449097
skipgram,보건복지,22,품격,0.6226191520690918
skipgram,보건복지,23,불변,0.622552752494812
skipgram,보건복지,24,냉혹,0.6219901442527771
skipgram,보건복지,25,사악,0.6207509636878967
skipgram,보건복지,26,인도주의,0.619654655456543
skipgram,보건복지,27,공정사회,0.6193060278892517
skipgram,보건복지,28,국격,0.6188880801200867
skipgram,보건복지,29,분단국가,0.6185166239738464
skipgram,보건복지,30,공화국,0.6168986558914185
skipgram,보건복지,31,구현,0.6168175935745239
skipgram,보건복지,32,결실,0.6155959367752075
skipgram,보건복지,33,자유시장경제,0.6154529452323914
skipgram,보건복지,34,법치,0.6150177717208862
skipgram,보건복지,35,법앞,0.6148427724838257
skipgram,보건복지,36,천륜,0.6136351823806763
skipgram,보건복지,37,되새,0.6124944686889648
skipgram,보건복지,38,수호,0.6118552684783936
skipgram,보건복지,39,기회균등,0.6117210984230042
skipgram,보건복지,40,법보,0.6112573146820068
skipgram,보건복지,41,국방의무,0.6102010011672974
skipgram,보건복지,42,과반수,0.6101451516151428
skipgram,보건복지,43,다운,0.6099820733070374
skipgram,보건복지,44,열망,0.60989910364151
skipgram,보건복지,45,발돋움,0.6096472144126892
skipgram,보건복지,46,주적,0.6095679998397827
skipgram,보건복지,47,주역,0.6093527674674988
skipgram,보건복지,48,적개심,0.6091741323471069
skipgram,보건복지,49,객관성,0.6084628105163574
skipgram,보건복지,50,법치국가,0.6075356602668762
skipgram,성장동력,1,배열,0.8025608658790588
skipgram,성장동력,2,존중,0.7958328723907471
skipgram,성장동력,3,무방,0.7893630266189575
skipgram,성장동력,4,공감,0.7872923612594604
skipgram,성장동력,5,이념,0.7838647365570068
skipgram,성장동력,6,공평,0.7743554711341858
skipgram,성장동력,7,질서,0.7733252048492432
skipgram,성장동력,8,신념,0.7673096656799316
skipgram,성장동력,9,법치,0.7672374844551086
skipgram,성장동력,10,믿음,0.7660411596298218
skipgram,성장동력,11,관행,0.765630841255188
skipgram,성장동력,12,권위,0.7628631591796875
skipgram,성장동력,13,옹호,0.7608014345169067
skipgram,성장동력,14,단어,0.7559897899627686
skipgram,성장동력,15,견해,0.7547733783721924
skipgram,성장동력,16,롭다,0.7540698647499084
skipgram,성장동력,17,최신,0.7524303197860718
skipgram,성장동력,18,불신,0.7524237036705017
skipgram,성장동력,19,자유시장경제,0.7504157423973083
skipgram,성장동력,20,정당,0.7496144771575928
skipgram,성장동력,21,통찰,0.7490009069442749
skipgram,성장동력,22,부정,0.7481335401535034
skipgram,성장동력,23,타파,0.7477520704269409
skipgram,성장동력,24,균점,0.7444657683372498
skipgram,성장동력,25,배려,0.741875171661377
skipgram,성장동력,26,논쟁,0.740575909614563
skipgram,성장동력,27,명예,0.7405152916908264
skipgram,성장동력,28,추구,0.7403473258018494
skipgram,성장동력,29,보신,0.7390576601028442
skipgram,성장동력,30,오해,0.7383825182914734
skipgram,성장동력,31,철학,0.7369687557220459
skipgram,성장동력,32,개념,0.7363459467887878
skipgram,성장동력,33,존속,0.7362248301506042
skipgram,성장동력,34,간섭,0.7355513572692871
skipgram,성장동력,35,표현,0.7348237037658691
skipgram,성장동력,36,창의성,0.734472393989563
skipgram,성장동력,37,학적,0.733235239982605
skipgram,성장동력,38,물음,0.7322522401809692
skipgram,성장동력,39,조화,0.7320747971534729
skipgram,성장동력,40,풍토,0.7312321662902832
skipgram,성장동력,41,의심,0.7307488322257996
skipgram,성장동력,42,법칙,0.7292979955673218
skipgram,성장동력,43,텍스트,0.7292909622192383
skipgram,성장동력,44,셩격,0.7291684150695801
skipgram,성장동력,45,현명,0.7271764874458313
skipgram,성장동력,46,다양성,0.7265981435775757
skipgram,성장동력,47,적수,0.7263010740280151
skipgram,성장동력,48,성의,0.7252267599105835
skipgram,성장동력,49,망각,0.7243802547454834
skipgram,성장동력,50,느낌,0.7224307060241699
skipgram,안전환경,1,구현,0.7304950952529907
skipgram,안전환경,2,기강,0.7221614122390747
skipgram,안전환경,3,법치,0.7184421420097351
skipgram,안전환경,4,준엄,0.7102165818214417
skipgram,안전환경,5,의글,0.7073357105255127
skipgram,안전환경,6,지엄,0.7063577175140381
skipgram,안전환경,7,법치국가,0.7031468152999878
skipgram,안전환경,8,악인,0.7005331516265869
skipgram,안전환경,9,수호,0.6996104717254639
skipgram,안전환경,10,법앞,0.6925395131111145
skipgram,안전환경,11,바르게,0.6889245510101318
skipgram,안전환경,12,조계,0.686883807182312
skipgram,안전환경,13,공직,0.6851601600646973
skipgram,안전환경,14,민주주의,0.6808806657791138
skipgram,안전환경,15,평등,0.6797118782997131
skipgram,안전환경,16,법체계,0.6783691048622131
skipgram,안전환경,17,법질서,0.67740797996521
skipgram,안전환경,18,후퇴,0.6765021085739136
skipgram,안전환경,19,부조리,0.6709728240966797
skipgram,안전환경,20,숙의,0.6696229577064514
skipgram,안전환경,21,다수결,0.6685978174209595
skipgram,안전환경,22,개떡,0.6619805097579956
skipgram,안전환경,23,적페,0.6575042605400085
skipgram,안전환경,24,일사부재리,0.6531461477279663
skipgram,안전환경,25,응징,0.6516448259353638
skipgram,안전환경,26,타락,0.6504044532775879
skipgram,안전환경,27,슬기,0.6490020751953125
skipgram,안전환경,28,민주공화국,0.6477299332618713
skipgram,안전환경,29,존립,0.6476613879203796
skipgram,안전환경,30,공정,0.6462255716323853
skipgram,안전환경,31,포용,0.6459172964096069
skipgram,안전환경,32,경종,0.6419740319252014
skipgram,안전환경,33,입법부,0.6417391896247864
skipgram,안전환경,34,풍토,0.6412889957427979
skipgram,안전환경,35,심판,0.6375141143798828
skipgram,안전환경,36,온당,0.6364074945449829
skipgram,안전환경,37,정치가,0.636028528213501
skipgram,안전환경,38,사욕,0.6359289884567261
skipgram,안전환경,39,이사회,0.6348498463630676
skipgram,안전환경,40,첫걸음,0.6347694993019104
skipgram,안전환경,41,형용,0.6347394585609436
skipgram,안전환경,42,확립,0.6339341402053833
skipgram,안전환경,43,통념,0.6331334114074707
skipgram,안전환경,44,국격,0.633131742477417
skipgram,안전환경,45,겸허,0.6327385306358337
skipgram,안전환경,46,롭다,0.6319252252578735
skipgram,안전환경,47,행복한나라,0.6312289834022522
skipgram,안전환경,48,극형,0.6302832365036011
skipgram,안전환경,49,인간성,0.6282598972320557
skipgram,안전환경,50,도덕성,0.6273579597473145
skipgram,외교통일국방,1,롭다,0.7364632487297058
skipgram,외교통일국방,2,공정,0.7084489464759827
skipgram,외교통일국방,3,청렴,0.6811363697052002
skipgram,외교통일국방,4,균등,0.669694185256958
skipgram,외교통일국방,5,표현의자유,0.6677360534667969
skipgram,외교통일국방,6,중책,0.6657397747039795
skipgram,외교통일국방,7,민주주의,0.664013147354126
skipgram,외교통일국방,8,평등,0.6637149453163147
skipgram,외교통일국방,9,체성,0.6561522483825684
skipgram,외교통일국방,10,거늘,0.6553998589515686
skipgram,외교통일국방,11,공평,0.6553211808204651
skipgram,외교통일국방,12,구현,0.6477452516555786
skipgram,외교통일국방,13,숙의,0.6458987593650818
skipgram,외교통일국방,14,소수자,0.6454427242279053
skipgram,외교통일국방,15,자유민주,0.6441117525100708
skipgram,외교통일국방,16,삼권분립,0.6428900957107544
skipgram,외교통일국방,17,법치국가,0.642861008644104
skipgram,외교통일국방,18,다수결,0.6422011256217957
skipgram,외교통일국방,19,뭉개,0.6415009498596191
skipgram,외교통일국방,20,법위,0.6407467126846313
skipgram,외교통일국방,21,문민통제,0.6401715278625488
skipgram,외교통일국방,22,배신자,0.6391220092773438
skipgram,외교통일국방,23,다양성,0.6342688798904419
skipgram,외교통일국방,24,법앞,0.6330454349517822
skipgram,외교통일국방,25,통용,0.6329743266105652
skipgram,외교통일국방,26,자주성,0.6325502395629883
skipgram,외교통일국방,27,법보,0.6323387622833252
skipgram,외교통일국방,28,그름,0.6307735443115234
skipgram,외교통일국방,29,슬로건,0.6298792362213135
skipgram,외교통일국방,30,자유통일,0.6295329332351685
skipgram,외교통일국방,31,정교분리,0.6295246481895447
skipgram,외교통일국방,32,수식어,0.6288279891014099
skipgram,외교통일국방,33,무환,0.6259065866470337
skipgram,외교통일국방,34,국민개병,0.6252055764198303
skipgram,외교통일국방,35,슬기,0.625001072883606
skipgram,외교통일국방,36,법치,0.624813973903656
skipgram,외교통일국방,37,불소,0.6243854761123657
skipgram,외교통일국방,38,숙명,0.6234914064407349
skipgram,외교통일국방,39,수성,0.6223341226577759
skipgram,외교통일국방,40,박애,0.6221470236778259
skipgram,외교통일국방,41,적입,0.6216744184494019
skipgram,외교통일국방,42,성숙,0.6201919317245483
skipgram,외교통일국방,43,이링크,0.6174914836883545
skipgram,외교통일국방,44,잘잘못,0.6153643131256104
skipgram,외교통일국방,45,나태,0.6150559186935425
skipgram,외교통일국방,46,승화,0.6144382953643799
skipgram,외교통일국방,47,흥정,0.613910973072052
skipgram,외교통일국방,48,진정,0.6136707663536072
skipgram,외교통일국방,49,기틀,0.6132164001464844
skipgram,외교통일국방,50,저항권,0.612655520439148
skipgram,육아교육,1,주창,0.7181510925292969
skipgram,육아교육,2,평등,0.69123375415802
skipgram,육아교육,3,공정,0.6781532764434814
skipgram,육아교육,4,진리,0.6709160208702087
skipgram,육아교육,5,숙의,0.6658816337585449
skipgram,육아교육,6,구현,0.662014365196228
skipgram,육아교육,7,백과사전,0.6532549858093262
skipgram,육아교육,8,정치가,0.6496219635009766
skipgram,육아교육,9,승리,0.6340189576148987
skipgram,육아교육,10,기회균등,0.6334266066551208
skipgram,육아교육,11,존엄,0.6271340847015381
skipgram,육아교육,12,승복,0.6241536140441895
skipgram,육아교육,13,슬로건,0.6240558624267578
skipgram,육아교육,14,민주공화국,0.6219550371170044
skipgram,육아교육,15,준엄,0.6194860935211182
skipgram,육아교육,16,비핵화,0.6181819438934326
skipgram,육아교육,17,주적,0.6163173913955688
skipgram,육아교육,18,지혜,0.6161834597587585
skipgram,육아교육,19,수호,0.6138310432434082
skipgram,육아교육,20,출발점,0.61346834897995
skipgram,육아교육,21,자유민주,0.6133003830909729
skipgram,육아교육,22,밑바탕,0.6131532788276672
skipgram,육아교육,23,공헌,0.613027811050415
skipgram,육아교육,24,공산당,0.6119314432144165
skipgram,육아교육,25,평화,0.6101603507995605
skipgram,육아교육,26,로움,0.6091766357421875
skipgram,육아교육,27,공정사회,0.6085422039031982
skipgram,육아교육,28,국제사회,0.6077125668525696
skipgram,육아교육,29,삶속,0.6075373291969299
skipgram,육아교육,30,자주성,0.6048625707626343
skipgram,육아교육,31,란것,0.6041802763938904
skipgram,육아교육,32,반공,0.6039397716522217
skipgram,육아교육,33,주야장천,0.6035505533218384
skipgram,육아교육,34,주권,0.6016224026679993
skipgram,육아교육,35,반증,0.601560115814209
skipgram,육아교육,36,인민,0.6014286279678345
skipgram,육아교육,37,슬기,0.6013245582580566
skipgram,육아교육,38,치실,0.6008874773979187
skipgram,육아교육,39,송두리째,0.5998589992523193
skipgram,육아교육,40,우민,0.5991208553314209
skipgram,육아교육,41,법치,0.5978818535804749
skipgram,육아교육,42,국민국가,0.5974617600440979
skipgram,육아교육,43,홍익인간,0.5960111021995544
skipgram,육아교육,44,해답,0.5956371426582336
skipgram,육아교육,45,위대,0.5949130058288574
skipgram,육아교육,46,민주주의,0.594817042350769
skipgram,육아교육,47,오점,0.5946948528289795
skipgram,육아교육,48,영위,0.5927740335464478
skipgram,육아교육,49,실낱,0.5915819406509399
skipgram,육아교육,50,법치국가,0.5908450484275818
skipgram,인권성평등,1,구현,0.7685573101043701
skipgram,인권성평등,2,롭다,0.6781442165374756
skipgram,인권성평등,3,준엄,0.6562759876251221
skipgram,인권성평등,4,첩경,0.6486810445785522
skipgram,인권성평등,5,공명정대,0.648210883140564
skipgram,인권성평등,6,실현,0.6449190378189087
skipgram,인권성평등,7,헬조선,0.6349356174468994
skipgram,인권성평등,8,정의도,0.6340258717536926
skipgram,인권성평등,9,정의롭,0.6336461305618286
skipgram,인권성평등,10,뒤엎는,0.6301982402801514
skipgram,인권성평등,11,무질서,0.6292499303817749
skipgram,인권성평등,12,저울,0.6291899085044861
skipgram,인권성평등,13,깨끗,0.6274791955947876
skipgram,인권성평등,14,기틀,0.6265524625778198
skipgram,인권성평등,15,냉정,0.6262726187705994
skipgram,인권성평등,16,양속,0.6215229034423828
skipgram,인권성평등,17,풍토,0.6214510202407837
skipgram,인권성평등,18,공서,0.6181144714355469
skipgram,인권성평등,19,응징,0.6168825030326843
skipgram,인권성평등,20,경종,0.6155426502227783
skipgram,인권성평등,21,자고로,0.6154265403747559
skipgram,인권성평등,22,반칙,0.613542914390564
skipgram,인권성평등,23,초석,0.6133213639259338
skipgram,인권성평등,24,반듯이,0.6128136515617371
skipgram,인권성평등,25,공생,0.6112953424453735
skipgram,인권성평등,26,결말,0.607151210308075
skipgram,인권성평등,27,바르게,0.6062467098236084
skipgram,인권성평등,28,앞서서,0.6046576499938965
skipgram,인권성평등,29,공정,0.6034473776817322
skipgram,인권성평등,30,의법,0.6020312309265137
skipgram,인권성평등,31,단언,0.6016327738761902
skipgram,인권성평등,32,로움,0.6013892292976379
skipgram,인권성평등,33,냉철,0.6009145975112915
skipgram,인권성평등,34,인과응보,0.6005924940109253
skipgram,인권성평등,35,후세,0.5996254682540894
skipgram,인권성평등,36,과연,0.5992947816848755
skipgram,인권성평등,37,철퇴,0.5988430976867676
skipgram,인권성평등,38,기필코,0.5985622406005859
skipgram,인권성평등,39,공의롭,0.5983691215515137
skipgram,인권성평등,40,주권국가,0.5965700149536133
skipgram,인권성평등,41,순리,0.5963829755783081
skipgram,인권성평등,42,보루,0.5953561067581177
skipgram,인권성평등,43,바름,0.5947796106338501
skipgram,인권성평등,44,구태,0.5944730639457703
skipgram,인권성평등,45,제문,0.5938596129417419
skipgram,인권성평등,46,염원,0.5931927561759949
skipgram,인권성평등,47,자유민주,0.5929918885231018
skipgram,인권성평등,48,형평,0.5914229154586792
skipgram,인권성평등,49,법복,0.5901738405227661
skipgram,인권성평등,50,무릇,0.5899943709373474
skipgram,일자리,1,법앞,0.7105017304420471
skipgram,일자리,2,롭다,0.7052463889122009
skipgram,일자리,3,정의롭,0.7052263021469116
skipgram,일자리,4,용단,0.6944043040275574
skipgram,일자리,5,평등,0.6915624737739563
skipgram,일자리,6,공평,0.6808162331581116
skipgram,일자리,7,구현,0.6774696111679077
skipgram,일자리,8,공정,0.6772693395614624
skipgram,일자리,9,법치국가,0.6702321767807007
skipgram,일자리,10,민주주의,0.6641436219215393
skipgram,일자리,11,롭습,0.6640098690986633
skipgram,일자리,12,존엄,0.6563788652420044
skipgram,일자리,13,공정사회,0.6559821963310242
skipgram,일자리,14,숭고,0.6559069156646729
skipgram,일자리,15,균등,0.6508781313896179
skipgram,일자리,16,유익,0.6346839070320129
skipgram,일자리,17,로움,0.6314778327941895
skipgram,일자리,18,통찰,0.6309133768081665
skipgram,일자리,19,살맛,0.6285594701766968
skipgram,일자리,20,로우,0.6274275183677673
skipgram,일자리,21,형평,0.6270747184753418
skipgram,일자리,22,울,0.6252602338790894
skipgram,일자리,23,어낸,0.621008038520813
skipgram,일자리,24,한세상,0.6209228038787842
skipgram,일자리,25,진리,0.6208724975585938
skipgram,일자리,26,공명정대,0.6195908784866333
skipgram,일자리,27,공허,0.6194193363189697
skipgram,일자리,28,남북통일,0.6186104416847229
skipgram,일자리,29,각인,0.6164305210113525
skipgram,일자리,30,결실,0.6130985617637634
skipgram,일자리,31,다시금,0.6128454208374023
skipgram,일자리,32,첫걸음,0.6116693019866943
skipgram,일자리,33,관습,0.6080350875854492
skipgram,일자리,34,승복,0.6061503887176514
skipgram,일자리,35,법치,0.6058813333511353
skipgram,일자리,36,민주공화국,0.6054812669754028
skipgram,일자리,37,유토피아,0.6050946712493896
skipgram,일자리,38,위대,0.601127564907074
skipgram,일자리,39,향유,0.6000828146934509
skipgram,일자리,40,섭리,0.599554181098938
skipgram,일자리,41,평등권,0.5985028147697449
skipgram,일자리,42,의페셰,0.5983031392097473
skipgram,일자리,43,절호,0.5973156690597534
skipgram,일자리,44,시어,0.5971248149871826
skipgram,일자리,45,어졌으,0.5969521403312683
skipgram,일자리,46,피어,0.5964803695678711
skipgram,일자리,47,경제민주화,0.5962966680526733
skipgram,일자리,48,참다운,0.5959798693656921
skipgram,일자리,49,사해,0.5947567224502563
skipgram,일자리,50,하느님,0.5945116877555847
skipgram,저출산고령화대책,1,공정,0.8890024423599243
skipgram,저출산고령화대책,2,화합,0.8690205812454224
skipgram,저출산고령화대책,3,칭찬,0.8668681383132935
skipgram,저출산고령화대책,4,법도,0.8596131801605225
skipgram,저출산고령화대책,5,분노,0.8553733825683594
skipgram,저출산고령화대책,6,진정,0.8513835072517395
skipgram,저출산고령화대책,7,시각,0.8499965667724609
skipgram,저출산고령화대책,8,여론,0.8496061563491821
skipgram,저출산고령화대책,9,슬로건,0.8472484350204468
skipgram,저출산고령화대책,10,대한항공,0.8458855152130127
skipgram,저출산고령화대책,11,진지,0.8456107974052429
skipgram,저출산고령화대책,12,존속,0.842096209526062
skipgram,저출산고령화대책,13,실현,0.8419061899185181
skipgram,저출산고령화대책,14,어져,0.841509222984314
skipgram,저출산고령화대책,15,응원,0.839665412902832
skipgram,저출산고령화대책,16,이바지,0.8386409282684326
skipgram,저출산고령화대책,17,완벽,0.8385544419288635
skipgram,저출산고령화대책,18,계기,0.8382781147956848
skipgram,저출산고령화대책,19,잠재,0.8381814360618591
skipgram,저출산고령화대책,20,비판,0.8358159065246582
skipgram,저출산고령화대책,21,방향성,0.8353301286697388
skipgram,저출산고령화대책,22,창의력,0.8341209292411804
skipgram,저출산고령화대책,23,파괴,0.8325551748275757
skipgram,저출산고령화대책,24,정형,0.8319275379180908
skipgram,저출산고령화대책,25,후세,0.8313305377960205
skipgram,저출산고령화대책,26,불신,0.8310012817382812
skipgram,저출산고령화대책,27,멘탈,0.8309603333473206
skipgram,저출산고령화대책,28,호칭,0.8301821947097778
skipgram,저출산고령화대책,29,혼혈,0.8286838531494141
skipgram,저출산고령화대책,30,공감,0.8285552263259888
skipgram,저출산고령화대책,31,단란,0.8283084630966187
skipgram,저출산고령화대책,32,애국,0.8281774520874023
skipgram,저출산고령화대책,33,공동체,0.8281700611114502
skipgram,저출산고령화대책,34,위상,0.8272129893302917
skipgram,저출산고령화대책,35,추구,0.8268673419952393
skipgram,저출산고령화대책,36,불공정,0.8264731168746948
skipgram,저출산고령화대책,37,잡종,0.8260234594345093
skipgram,저출산고령화대책,38,기원,0.8256309032440186
skipgram,저출산고령화대책,39,반감,0.8253469467163086
skipgram,저출산고령화대책,40,초석,0.8251159191131592
skipgram,저출산고령화대책,41,경종,0.8250123262405396
skipgram,저출산고령화대책,42,만드,0.8245016932487488
skipgram,저출산고령화대책,43,지도자,0.8238219618797302
skipgram,저출산고령화대책,44,유익,0.8238062858581543
skipgram,저출산고령화대책,45,호소,0.8235480189323425
skipgram,저출산고령화대책,46,썩,0.8233610391616821
skipgram,저출산고령화대책,47,윈윈,0.8232112526893616
skipgram,저출산고령화대책,48,깨,0.8231716156005859
skipgram,저출산고령화대책,49,실감,0.823167085647583
skipgram,저출산고령화대책,50,제재,0.8229527473449707
skipgram,정치개혁,1,롭다,0.7659645676612854
skipgram,정치개혁,2,로움,0.7382779121398926
skipgram,정치개혁,3,구현,0.7229968309402466
skipgram,정치개혁,4,롭지못,0.7128456830978394
skipgram,정치개혁,5,공정사회,0.7093101143836975
skipgram,정치개혁,6,정의도,0.7091476917266846
skipgram,정치개혁,7,공정,0.7090549468994141
skipgram,정치개혁,8,법치,0.7062519788742065
skipgram,정치개혁,9,루니,0.6988697052001953
skipgram,정치개혁,10,스나이퍼,0.694557249546051
skipgram,정치개혁,11,공명정대,0.6941370964050293
skipgram,정치개혁,12,모토,0.6804360151290894
skipgram,정치개혁,13,목마름,0.6785908937454224
skipgram,정치개혁,14,무너뜨렸다,0.6771048307418823
skipgram,정치개혁,15,롭기,0.6491354703903198
skipgram,정치개혁,16,애처,0.6491078734397888
skipgram,정치개혁,17,저울,0.6457392573356628
skipgram,정치개혁,18,돈앞,0.643559455871582
skipgram,정치개혁,19,인간성,0.6376237273216248
skipgram,정치개혁,20,자축,0.6335824131965637
skipgram,정치개혁,21,환골탈태,0.6289900541305542
skipgram,정치개혁,22,아량,0.6253132224082947
skipgram,정치개혁,23,슬기,0.6246616840362549
skipgram,정치개혁,24,여신,0.6238282918930054
skipgram,정치개혁,25,얼마만큼,0.6232430338859558
skipgram,정치개혁,26,공의롭,0.6227357983589172
skipgram,정치개혁,27,위엄,0.6200121641159058
skipgram,정치개혁,28,정의롭,0.6179701089859009
skipgram,정치개혁,29,좌천,0.6169536113739014
skipgram,정치개혁,30,몰각,0.6158122420310974
skipgram,정치개혁,31,특감하,0.6155068874359131
skipgram,정치개혁,32,명재,0.6150715351104736
skipgram,정치개혁,33,선민의식,0.6133259534835815
skipgram,정치개혁,34,롭,0.6132259368896484
skipgram,정치개혁,35,좌고,0.6125085949897766
skipgram,정치개혁,36,이상향,0.6119229793548584
skipgram,정치개혁,37,바름,0.6116254925727844
skipgram,정치개혁,38,구연,0.6112197637557983
skipgram,정치개혁,39,아름,0.6112154722213745
skipgram,정치개혁,40,호자,0.6106448173522949
skipgram,정치개혁,41,다운,0.6102384328842163
skipgram,정치개혁,42,환골탈퇴,0.6096334457397461
skipgram,정치개혁,43,께끗,0.6078821420669556
skipgram,정치개혁,44,나위,0.6071272492408752
skipgram,정치개혁,45,승복,0.606561541557312
skipgram,정치개혁,46,법치국가,0.6060010194778442
skipgram,정치개혁,47,개과천선,0.605588436126709
skipgram,정치개혁,48,상대성,0.6043462157249451
skipgram,정치개혁,49,내팽겨친,0.6019725799560547
skipgram,정치개혁,50,올바로,0.6008475422859192
skipgram,행정,1,근간,0.7610291242599487
skipgram,행정,2,롭다,0.7469303607940674
skipgram,행정,3,구현,0.7320371270179749
skipgram,행정,4,법치,0.7082474231719971
skipgram,행정,5,반칙,0.7065102458000183
skipgram,행정,6,공정사회,0.7015345096588135
skipgram,행정,7,실현,0.6832504272460938
skipgram,행정,8,환골탈태,0.6653891801834106
skipgram,행정,9,한국판,0.6556771993637085
skipgram,행정,10,자유민주,0.6554081439971924
skipgram,행정,11,규범,0.6525795459747314
skipgram,행정,12,복지국가,0.6469302177429199
skipgram,행정,13,숙명,0.6386682391166687
skipgram,행정,14,민주주의,0.6385079622268677
skipgram,행정,15,정의롭,0.6363503932952881
skipgram,행정,16,공정,0.6344857811927795
skipgram,행정,17,비로소,0.6338382363319397
skipgram,행정,18,표방,0.6325605511665344
skipgram,행정,19,지방자치제도,0.6314960718154907
skipgram,행정,20,이바지,0.6308999061584473
skipgram,행정,21,포용,0.630832850933075
skipgram,행정,22,위상,0.630754292011261
skipgram,행정,23,서고,0.6306649446487427
skipgram,행정,24,부강,0.6280463933944702
skipgram,행정,25,숙의,0.6266831159591675
skipgram,행정,26,단결,0.62629234790802
skipgram,행정,27,만듭시,0.6262185573577881
skipgram,행정,28,순조,0.6239212155342102
skipgram,행정,29,법치국가,0.6231904029846191
skipgram,행정,30,보되,0.6227765083312988
skipgram,행정,31,공명정대,0.6211336851119995
skipgram,행정,32,존립,0.6203047037124634
skipgram,행정,33,바름,0.6185770034790039
skipgram,행정,34,깨끗,0.6184359192848206
skipgram,행정,35,법체계,0.6178508996963501
skipgram,행정,36,모토로,0.6173871755599976
skipgram,행정,37,아닐런지,0.6171974539756775
skipgram,행정,38,갈망,0.6170669198036194
skipgram,행정,39,곡해,0.6159040927886963
skipgram,행정,40,풍토,0.6158741116523743
skipgram,행정,41,자본주의,0.6134953498840332
skipgram,행정,42,경제민주화,0.6124504804611206
skipgram,행정,43,입각,0.6121186017990112
skipgram,행정,44,단죄,0.6117842197418213
skipgram,행정,45,초석,0.6112757921218872
skipgram,행정,46,기틀,0.6112390756607056
skipgram,행정,47,호봉획,0.6106792092323303
skipgram,행정,48,준엄,0.6105578541755676
skipgram,행정,49,걸음,0.6090806722640991
skipgram,행정,50,법집,0.6088666319847107
cbow,total,1,정의도,0.7129113078117371
cbow,total,2,법치,0.6755145788192749
cbow,total,3,정의롭,0.6429628133773804
cbow,total,4,민주주의,0.6364829540252686
cbow,total,5,공정,0.6300742626190186
cbow,total,6,구현,0.6277475357055664
cbow,total,7,진리,0.6147128939628601
cbow,total,8,법치국가,0.6089744567871094
cbow,total,9,공정사회,0.6048521995544434
cbow,total,10,평등,0.5854893326759338
cbow,total,11,공명정대,0.576733410358429
cbow,total,12,진정,0.5655596852302551
cbow,total,13,공평,0.5595548748970032
cbow,total,14,바르게,0.5404521226882935
cbow,total,15,청렴,0.5348401665687561
cbow,total,16,삼권분립,0.5329898595809937
cbow,total,17,법질서,0.5267106890678406
cbow,total,18,풍요,0.5238335132598877
cbow,total,19,롭다,0.5194621086120605
cbow,total,20,준엄,0.5160397887229919
cbow,total,21,승복,0.5138849020004272
cbow,total,22,경제민주화,0.5081361532211304
cbow,total,23,실현,0.5063965320587158
cbow,total,24,정치가,0.5063217878341675
cbow,total,25,슬기,0.5056785345077515
cbow,total,26,유토피아,0.5049089193344116
cbow,total,27,밑바탕,0.4931205213069916
cbow,total,28,정녕,0.4924573302268982
cbow,total,29,첫걸음,0.49220213294029236
cbow,total,30,진실,0.48864489793777466
cbow,total,31,자유민주,0.48807117342948914
cbow,total,32,정정당당,0.48784610629081726
cbow,total,33,헬조선,0.4868607521057129
cbow,total,34,근간,0.4857728183269501
cbow,total,35,사법부,0.4841192066669464
cbow,total,36,민주,0.48295655846595764
cbow,total,37,원칙,0.4794788062572479
cbow,total,38,무릇,0.47340893745422363
cbow,total,39,법앞,0.4719894826412201
cbow,total,40,세상,0.47168833017349243
cbow,total,41,떳떳,0.47031742334365845
cbow,total,42,국민주권,0.4697493314743042
cbow,total,43,오명,0.4665064811706543
cbow,total,44,그름,0.4651162922382355
cbow,total,45,돈앞,0.4634826183319092
cbow,total,46,경종,0.46328431367874146
cbow,total,47,민주공화국,0.46053943037986755
cbow,total,48,후세,0.4590994119644165
cbow,total,49,징악,0.45844191312789917
cbow,total,50,지혜,0.45688700675964355
cbow,경제민주화,1,평등,0.8471996784210205
cbow,경제민주화,2,경제민주화,0.7732724547386169
cbow,경제민주화,3,롭다,0.731362521648407
cbow,경제민주화,4,롭,0.7293939590454102
cbow,경제민주화,5,구현,0.7283016443252563
cbow,경제민주화,6,실천,0.7251237034797668
cbow,경제민주화,7,법앞,0.7089056968688965
cbow,경제민주화,8,민주주의,0.707442581653595
cbow,경제민주화,9,실현,0.7002056241035461
cbow,경제민주화,10,행복추구,0.6961174607276917
cbow,경제민주화,11,바르게,0.6938356161117554
cbow,경제민주화,12,법질서,0.6901758313179016
cbow,경제민주화,13,공평,0.6849651336669922
cbow,경제민주화,14,민주화,0.683551549911499
cbow,경제민주화,15,한나라,0.6730985641479492
cbow,경제민주화,16,관념,0.672285795211792
cbow,경제민주화,17,정화,0.6663209199905396
cbow,경제민주화,18,다수결,0.6623504757881165
cbow,경제민주화,19,철학,0.6614671945571899
cbow,경제민주화,20,평화,0.660927951335907
cbow,경제민주화,21,자유시장,0.6600886583328247
cbow,경제민주화,22,주적,0.6587268114089966
cbow,경제민주화,23,공정,0.6562080979347229
cbow,경제민주화,24,자유,0.6513732671737671
cbow,경제민주화,25,사회인,0.6509912610054016
cbow,경제민주화,26,지도자,0.642982542514801
cbow,경제민주화,27,자본주의,0.6414990425109863
cbow,경제민주화,28,악의축,0.6388367414474487
cbow,경제민주화,29,용서,0.6379536986351013
cbow,경제민주화,30,민주,0.6357422471046448
cbow,경제민주화,31,존엄성,0.6356550455093384
cbow,경제민주화,32,이념,0.6346338391304016
cbow,경제민주화,33,남여,0.6340517401695251
cbow,경제민주화,34,로움,0.633989691734314
cbow,경제민주화,35,공직,0.6323449611663818
cbow,경제민주화,36,정의도,0.6315018534660339
cbow,경제민주화,37,독재,0.6311774253845215
cbow,경제민주화,38,법치,0.6282266974449158
cbow,경제민주화,39,존중,0.6271309852600098
cbow,경제민주화,40,진정,0.6260931491851807
cbow,경제민주화,41,통념,0.625045657157898
cbow,경제민주화,42,침,0.6239244341850281
cbow,경제민주화,43,정면,0.6231242418289185
cbow,경제민주화,44,슬기,0.6222389936447144
cbow,경제민주화,45,공동체,0.6221243739128113
cbow,경제민주화,46,한반도,0.620519757270813
cbow,경제민주화,47,뜻힌다,0.6173120141029358
cbow,경제민주화,48,시장경제,0.6145914793014526
cbow,경제민주화,49,부조리,0.6107400059700012
cbow,경제민주화,50,강하,0.6095428466796875
cbow,교통건축국토,1,구현,0.7794089913368225
cbow,교통건축국토,2,민주주의,0.7582301497459412
cbow,교통건축국토,3,평등,0.7505130767822266
cbow,교통건축국토,4,공평,0.7464524507522583
cbow,교통건축국토,5,자본주의,0.6753631234169006
cbow,교통건축국토,6,공정,0.6749945878982544
cbow,교통건축국토,7,실현,0.6718010902404785
cbow,교통건축국토,8,조세,0.6591062545776367
cbow,교통건축국토,9,법치국가,0.6399929523468018
cbow,교통건축국토,10,존중,0.6312974691390991
cbow,교통건축국토,11,청렴,0.6075503826141357
cbow,교통건축국토,12,민주,0.6047711372375488
cbow,교통건축국토,13,사회주의,0.6043621301651001
cbow,교통건축국토,14,원칙,0.6023730039596558
cbow,교통건축국토,15,이나라,0.5960473418235779
cbow,교통건축국토,16,롭다,0.5857722163200378
cbow,교통건축국토,17,정녕,0.5828672647476196
cbow,교통건축국토,18,공산주의,0.5800274014472961
cbow,교통건축국토,19,법앞,0.5795196294784546
cbow,교통건축국토,20,책무,0.5762225985527039
cbow,교통건축국토,21,저항,0.575171947479248
cbow,교통건축국토,22,정의도,0.5708394646644592
cbow,교통건축국토,23,법치,0.568734884262085
cbow,교통건축국토,24,주의자,0.5675962567329407
cbow,교통건축국토,25,수호,0.5670737028121948
cbow,교통건축국토,26,지도자,0.5666917562484741
cbow,교통건축국토,27,진정,0.5660492181777954
cbow,교통건축국토,28,유린,0.5627627372741699
cbow,교통건축국토,29,지향,0.5613243579864502
cbow,교통건축국토,30,세상,0.5580105781555176
cbow,교통건축국토,31,헌법,0.5563197731971741
cbow,교통건축국토,32,정직,0.5531947612762451
cbow,교통건축국토,33,망신,0.5531798601150513
cbow,교통건축국토,34,공권력,0.5507071018218994
cbow,교통건축국토,35,정치,0.544654369354248
cbow,교통건축국토,36,공동체,0.5411020517349243
cbow,교통건축국토,37,현명,0.5369689464569092
cbow,교통건축국토,38,불평등,0.5367963314056396
cbow,교통건축국토,39,다수결,0.5358801484107971
cbow,교통건축국토,40,이치,0.5356824398040771
cbow,교통건축국토,41,박수,0.5341718196868896
cbow,교통건축국토,42,지름길,0.5341084599494934
cbow,교통건축국토,43,형평,0.5339246988296509
cbow,교통건축국토,44,특권,0.5333850383758545
cbow,교통건축국토,45,대한민국,0.532461941242218
cbow,교통건축국토,46,것임,0.5323153734207153
cbow,교통건축국토,47,표현,0.5320820808410645
cbow,교통건축국토,48,표방,0.5317984819412231
cbow,교통건축국토,49,공직,0.5304415225982666
cbow,교통건축국토,50,개탄,0.5302619934082031
cbow,기타,1,구현,0.7586711049079895
cbow,기타,2,법치,0.7393010854721069
cbow,기타,3,실현,0.6451226472854614
cbow,기타,4,공정,0.6233038902282715
cbow,기타,5,민주주의,0.6054089665412903
cbow,기타,6,진리,0.6038855314254761
cbow,기타,7,근간,0.6018726825714111
cbow,기타,8,삼권분립,0.5821362733840942
cbow,기타,9,공평,0.5761880874633789
cbow,기타,10,평등,0.5681735277175903
cbow,기타,11,롭다,0.5619037747383118
cbow,기타,12,자본주의,0.5555858612060547
cbow,기타,13,박애,0.5509440302848816
cbow,기타,14,출세,0.5424699783325195
cbow,기타,15,바르게,0.5317674279212952
cbow,기타,16,현명,0.526750922203064
cbow,기타,17,법질서,0.5255575776100159
cbow,기타,18,결코,0.5208026766777039
cbow,기타,19,실천,0.5203076004981995
cbow,기타,20,법치국가,0.5189915895462036
cbow,기타,21,확립,0.5173412561416626
cbow,기타,22,사법부,0.5161213874816895
cbow,기타,23,슬기,0.5142232179641724
cbow,기타,24,수호,0.5105860233306885
cbow,기타,25,좌지우지,0.5088083148002625
cbow,기타,26,순조,0.5085517168045044
cbow,기타,27,만물,0.508383572101593
cbow,기타,28,그름,0.5037986636161804
cbow,기타,29,진정,0.5002562999725342
cbow,기타,30,영원,0.4960935115814209
cbow,기타,31,깨달,0.49301066994667053
cbow,기타,32,준엄,0.4873846769332886
cbow,기타,33,국격,0.48678267002105713
cbow,기타,34,조화,0.48590490221977234
cbow,기타,35,예사,0.4856356084346771
cbow,기타,36,반함,0.48548153042793274
cbow,기타,37,권력자,0.4850166440010071
cbow,기타,38,질서,0.4842424690723419
cbow,기타,39,진실,0.4836539626121521
cbow,기타,40,이치,0.4822779893875122
cbow,기타,41,역할,0.48136964440345764
cbow,기타,42,세상,0.48123699426651
cbow,기타,43,독립성,0.4811842441558838
cbow,기타,44,법앞,0.47850650548934937
cbow,기타,45,기강,0.47657346725463867
cbow,기타,46,서고,0.4732218384742737
cbow,기타,47,정정당당,0.4725651741027832
cbow,기타,48,누굴,0.47213372588157654
cbow,기타,49,타협,0.47131937742233276
cbow,기타,50,국민주권,0.47120094299316406
cbow,농산어촌,1,이번,0.9991127848625183
cbow,농산어촌,2,라며,0.9990633130073547
cbow,농산어촌,3,심정,0.9990419745445251
cbow,농산어촌,4,해달,0.9990404844284058
cbow,농산어촌,5,인권,0.999027669429779
cbow,농산어촌,6,드,0.9990144968032837
cbow,농산어촌,7,목소리,0.9990129470825195
cbow,농산어촌,8,간첩,0.9989765882492065
cbow,농산어촌,9,피해자,0.9989610910415649
cbow,농산어촌,10,솔직,0.9989011883735657
cbow,농산어촌,11,고민,0.9989003539085388
cbow,농산어촌,12,라면,0.9988813400268555
cbow,농산어촌,13,소통,0.9988706111907959
cbow,농산어촌,14,국회의원,0.9988701343536377
cbow,농산어촌,15,마지막,0.998866856098175
cbow,농산어촌,16,주신,0.9988629817962646
cbow,농산어촌,17,질의,0.998858630657196
cbow,농산어촌,18,북한,0.9988516569137573
cbow,농산어촌,19,앞서,0.9988449811935425
cbow,농산어촌,20,긴급,0.9988438487052917
cbow,농산어촌,21,공감,0.9988424777984619
cbow,농산어촌,22,이건,0.9988312125205994
cbow,농산어촌,23,도입,0.9988285899162292
cbow,농산어촌,24,대구,0.9988222122192383
cbow,농산어촌,25,참고,0.9988148212432861
cbow,농산어촌,26,답답,0.998786985874176
cbow,농산어촌,27,납득,0.9987728595733643
cbow,농산어촌,28,바램,0.9987586140632629
cbow,농산어촌,29,신경,0.9987524747848511
cbow,농산어촌,30,진정,0.9987519979476929
cbow,농산어촌,31,평등,0.9987367987632751
cbow,농산어촌,32,마,0.998734712600708
cbow,농산어촌,33,정권,0.9987013339996338
cbow,농산어촌,34,구속,0.9986951351165771
cbow,농산어촌,35,여론,0.9986943602561951
cbow,농산어촌,36,약자,0.9986900687217712
cbow,농산어촌,37,격려,0.9986709356307983
cbow,농산어촌,38,하소연,0.998652458190918
cbow,농산어촌,39,얼마나,0.9986394047737122
cbow,농산어촌,40,보지,0.9986380338668823
cbow,농산어촌,41,촛불,0.9986305236816406
cbow,농산어촌,42,황당,0.9986167550086975
cbow,농산어촌,43,소망,0.9986063241958618
cbow,농산어촌,44,호소,0.9985944032669067
cbow,농산어촌,45,잘못,0.9985930919647217
cbow,농산어촌,46,구제,0.998577892780304
cbow,농산어촌,47,늘,0.9985758066177368
cbow,농산어촌,48,도적,0.9985669255256653
cbow,농산어촌,49,노력,0.9985665678977966
cbow,농산어촌,50,고자,0.9985569715499878
cbow,문화예술체육언론,1,구현,0.8055469393730164
cbow,문화예술체육언론,2,민주주의,0.784044623374939
cbow,문화예술체육언론,3,평등,0.7688223123550415
cbow,문화예술체육언론,4,진정,0.7368711233139038
cbow,문화예술체육언론,5,역행,0.7342915534973145
cbow,문화예술체육언론,6,순조,0.728690505027771
cbow,문화예술체육언론,7,실현,0.7108848094940186
cbow,문화예술체육언론,8,약자,0.7094388008117676
cbow,문화예술체육언론,9,의근,0.7057787179946899
cbow,문화예술체육언론,10,억압,0.7049263715744019
cbow,문화예술체육언론,11,법치,0.6935297250747681
cbow,문화예술체육언론,12,깨끗,0.6848851442337036
cbow,문화예술체육언론,13,실천,0.681837797164917
cbow,문화예술체육언론,14,해치,0.679949164390564
cbow,문화예술체육언론,15,로움,0.671281099319458
cbow,문화예술체육언론,16,말로,0.6703144311904907
cbow,문화예술체육언론,17,추구,0.6699331998825073
cbow,문화예술체육언론,18,회복,0.668555498123169
cbow,문화예술체육언론,19,혼란,0.6662254333496094
cbow,문화예술체육언론,20,땅,0.6639444828033447
cbow,문화예술체육언론,21,진실,0.6637901663780212
cbow,문화예술체육언론,22,주권국가,0.6625433564186096
cbow,문화예술체육언론,23,가바,0.6561850309371948
cbow,문화예술체육언론,24,바르게,0.6556702852249146
cbow,문화예술체육언론,25,단죄,0.653511106967926
cbow,문화예술체육언론,26,좀더,0.6533986330032349
cbow,문화예술체육언론,27,훼손,0.6533665657043457
cbow,문화예술체육언론,28,어낸,0.6528440713882446
cbow,문화예술체육언론,29,강조,0.651455283164978
cbow,문화예술체육언론,30,국익,0.650700569152832
cbow,문화예술체육언론,31,표현의자유,0.6492795348167419
cbow,문화예술체육언론,32,청렴,0.6480312347412109
cbow,문화예술체육언론,33,막중,0.6464811563491821
cbow,문화예술체육언론,34,롭다,0.6455844640731812
cbow,문화예술체육언론,35,특권,0.6451364755630493
cbow,문화예술체육언론,36,존중,0.6417909264564514
cbow,문화예술체육언론,37,이나라,0.6414246559143066
cbow,문화예술체육언론,38,교훈,0.6397349834442139
cbow,문화예술체육언론,39,원칙,0.6388829946517944
cbow,문화예술체육언론,40,행복추구권,0.6387049555778503
cbow,문화예술체육언론,41,자본주의,0.6379609704017639
cbow,문화예술체육언론,42,인민공화국,0.6377099752426147
cbow,문화예술체육언론,43,척,0.6373997926712036
cbow,문화예술체육언론,44,반역,0.6371380090713501
cbow,문화예술체육언론,45,유린,0.6349783539772034
cbow,문화예술체육언론,46,믿음,0.6345755457878113
cbow,문화예술체육언론,47,공정,0.6334147453308105
cbow,문화예술체육언론,48,불평등,0.6329896450042725
cbow,문화예술체육언론,49,작태,0.6325725317001343
cbow,문화예술체육언론,50,존엄,0.6324801445007324
cbow,미래,1,사법부,0.7093703150749207
cbow,미래,2,실현,0.6457424163818359
cbow,미래,3,구현,0.6451525092124939
cbow,미래,4,현명,0.6166627407073975
cbow,미래,5,민주주의,0.6155750155448914
cbow,미래,6,평등,0.6084673404693604
cbow,미래,7,마냥,0.5964471101760864
cbow,미래,8,공평,0.5940394401550293
cbow,미래,9,법앞,0.5905389785766602
cbow,미래,10,법치,0.5819481611251831
cbow,미래,11,모순,0.5785846710205078
cbow,미래,12,구성원,0.5779072642326355
cbow,미래,13,아난다,0.577842116355896
cbow,미래,14,약자,0.5757519602775574
cbow,미래,15,공정,0.5698163509368896
cbow,미래,16,자본주의,0.5628701448440552
cbow,미래,17,불의,0.5612524747848511
cbow,미래,18,진정,0.558699369430542
cbow,미래,19,준엄,0.55832839012146
cbow,미래,20,수호,0.556196928024292
cbow,미래,21,주권,0.5553514957427979
cbow,미래,22,의지,0.5550612807273865
cbow,미래,23,염려,0.5465545058250427
cbow,미래,24,창조,0.5462747812271118
cbow,미래,25,이념,0.5407867431640625
cbow,미래,26,진리,0.5407318472862244
cbow,미래,27,행복,0.539209246635437
cbow,미래,28,질서,0.5364530086517334
cbow,미래,29,초동수사,0.5364173650741577
cbow,미래,30,민주,0.5363657474517822
cbow,미래,31,성숙,0.5355445146560669
cbow,미래,32,관행,0.5352537631988525
cbow,미래,33,권력자,0.5341939330101013
cbow,미래,34,불행,0.5333876013755798
cbow,미래,35,격리,0.5268125534057617
cbow,미래,36,병폐,0.5201057195663452
cbow,미래,37,세상,0.5200521349906921
cbow,미래,38,적폐,0.5199852585792542
cbow,미래,39,존중,0.518341600894928
cbow,미래,40,롭다던,0.5167912244796753
cbow,미래,41,추악,0.5166208744049072
cbow,미래,42,화합,0.5135977268218994
cbow,미래,43,근간,0.5123863816261292
cbow,미래,44,사법,0.5109033584594727
cbow,미래,45,양심,0.5104713439941406
cbow,미래,46,그대,0.5097692012786865
cbow,미래,47,신분제,0.5095282793045044
cbow,미래,48,삼권분립,0.5076905488967896
cbow,미래,49,분열,0.5067130327224731
cbow,미래,50,원칙,0.5065017938613892
cbow,반려동물,1,파파라치,0.9836235642433167
cbow,반려동물,2,행시,0.9831578731536865
cbow,반려동물,3,정치,0.9829394221305847
cbow,반려동물,4,부조리,0.9826747179031372
cbow,반려동물,5,사생활,0.9823278784751892
cbow,반려동물,6,부여,0.9821233749389648
cbow,반려동물,7,통제,0.9816860556602478
cbow,반려동물,8,유발,0.9813815355300903
cbow,반려동물,9,김진태,0.9812953472137451
cbow,반려동물,10,배제,0.9812201857566833
cbow,반려동물,11,범법,0.981108546257019
cbow,반려동물,12,건수,0.9809452891349792
cbow,반려동물,13,동일,0.9806495904922485
cbow,반려동물,14,대응,0.9805623292922974
cbow,반려동물,15,비교,0.9803640842437744
cbow,반려동물,16,주관,0.979926347732544
cbow,반려동물,17,몰카,0.9798834323883057
cbow,반려동물,18,해명,0.9793397784233093
cbow,반려동물,19,중대,0.9793306589126587
cbow,반려동물,20,주요,0.9790727496147156
cbow,반려동물,21,일반인,0.9790722131729126
cbow,반려동물,22,제시,0.9789119362831116
cbow,반려동물,23,근거,0.9788784384727478
cbow,반려동물,24,반발,0.9787307977676392
cbow,반려동물,25,강,0.9787291288375854
cbow,반려동물,26,부재,0.978674590587616
cbow,반려동물,27,현상,0.9783992767333984
cbow,반려동물,28,잣,0.9783270955085754
cbow,반려동물,29,적하,0.9781143069267273
cbow,반려동물,30,완화,0.9780806303024292
cbow,반려동물,31,부정,0.978046178817749
cbow,반려동물,32,극히,0.9780119061470032
cbow,반려동물,33,음주,0.9779173135757446
cbow,반려동물,34,항목,0.9778919219970703
cbow,반려동물,35,성범죄자,0.9777408838272095
cbow,반려동물,36,권한,0.9777219295501709
cbow,반려동물,37,상위,0.9776415228843689
cbow,반려동물,38,영구,0.9774520397186279
cbow,반려동물,39,분석,0.9773257374763489
cbow,반려동물,40,자로,0.9773023128509521
cbow,반려동물,41,성희롱,0.977288007736206
cbow,반려동물,42,결론,0.9771957993507385
cbow,반려동물,43,위법행위,0.9770854711532593
cbow,반려동물,44,소지,0.9770371913909912
cbow,반려동물,45,나치,0.9770291447639465
cbow,반려동물,46,교묘,0.9769895076751709
cbow,반려동물,47,표적,0.9769300818443298
cbow,반려동물,48,조장,0.9767200946807861
cbow,반려동물,49,이미지,0.9766433238983154
cbow,반려동물,50,극도,0.9763092398643494
cbow,보건복지,1,평등,0.7848280668258667
cbow,보건복지,2,공정,0.7551620006561279
cbow,보건복지,3,공평,0.7417482137680054
cbow,보건복지,4,민주주의,0.7362204790115356
cbow,보건복지,5,자본주의,0.7165828943252563
cbow,보건복지,6,불평등,0.6714964509010315
cbow,보건복지,7,퇴색,0.6629213094711304
cbow,보건복지,8,복지국가,0.6502076387405396
cbow,보건복지,9,이바지,0.6377731561660767
cbow,보건복지,10,부조리,0.6338709592819214
cbow,보건복지,11,질서,0.6308456063270569
cbow,보건복지,12,구현,0.621336817741394
cbow,보건복지,13,민주,0.620760440826416
cbow,보건복지,14,불공평,0.6085045337677002
cbow,보건복지,15,우위,0.6055776476860046
cbow,보건복지,16,다운,0.5999553799629211
cbow,보건복지,17,통념,0.5944193601608276
cbow,보건복지,18,가치,0.5929555892944336
cbow,보건복지,19,공명정대,0.5858206748962402
cbow,보건복지,20,초석,0.5843548774719238
cbow,보건복지,21,실현,0.5825985074043274
cbow,보건복지,22,최우,0.5824675559997559
cbow,보건복지,23,분위기,0.5804564952850342
cbow,보건복지,24,진출,0.5803529024124146
cbow,보건복지,25,지향,0.578163206577301
cbow,보건복지,26,구성원,0.5763566493988037
cbow,보건복지,27,편견,0.5736279487609863
cbow,보건복지,28,법앞,0.5707017183303833
cbow,보건복지,29,잣,0.5694583058357239
cbow,보건복지,30,건전,0.5684024095535278
cbow,보건복지,31,명확,0.5673652291297913
cbow,보건복지,32,중요시,0.5665725469589233
cbow,보건복지,33,명분,0.5617520809173584
cbow,보건복지,34,상규,0.5611197352409363
cbow,보건복지,35,존재,0.5601984262466431
cbow,보건복지,36,지도자,0.5593082904815674
cbow,보건복지,37,관대,0.5591497421264648
cbow,보건복지,38,평등권,0.5584930181503296
cbow,보건복지,39,발전,0.5552048683166504
cbow,보건복지,40,물결,0.554672122001648
cbow,보건복지,41,사회주의,0.5541869401931763
cbow,보건복지,42,성숙,0.5490114688873291
cbow,보건복지,43,쟁,0.54901123046875
cbow,보건복지,44,지위,0.5487814545631409
cbow,보건복지,45,존중,0.5483267903327942
cbow,보건복지,46,정녕,0.5476815700531006
cbow,보건복지,47,공산주의,0.547592282295227
cbow,보건복지,48,근간,0.5430271625518799
cbow,보건복지,49,향,0.5415571928024292
cbow,보건복지,50,멸망,0.5392469167709351
cbow,성장동력,1,선택,0.900580883026123
cbow,성장동력,2,표현,0.8926424980163574
cbow,성장동력,3,공감,0.8888262510299683
cbow,성장동력,4,존속,0.8846561908721924
cbow,성장동력,5,정치,0.8827372789382935
cbow,성장동력,6,상식,0.8813110589981079
cbow,성장동력,7,혹독,0.8750548362731934
cbow,성장동력,8,뜻,0.868211030960083
cbow,성장동력,9,의식,0.8589344024658203
cbow,성장동력,10,인간,0.8569886088371277
cbow,성장동력,11,셩격,0.8558281064033508
cbow,성장동력,12,진정,0.8546236753463745
cbow,성장동력,13,애민,0.8525128364562988
cbow,성장동력,14,궁,0.8422350287437439
cbow,성장동력,15,서로,0.8405479192733765
cbow,성장동력,16,추론,0.8401309847831726
cbow,성장동력,17,사랑,0.8386728167533875
cbow,성장동력,18,갈망,0.838356077671051
cbow,성장동력,19,풍토,0.8373690843582153
cbow,성장동력,20,실현,0.8370161056518555
cbow,성장동력,21,어진,0.8370096683502197
cbow,성장동력,22,이념,0.8354451060295105
cbow,성장동력,23,인식,0.8335779309272766
cbow,성장동력,24,부정,0.8297826051712036
cbow,성장동력,25,약자,0.8278709650039673
cbow,성장동력,26,부지런,0.8271713256835938
cbow,성장동력,27,주의,0.8268682956695557
cbow,성장동력,28,의심,0.8267108201980591
cbow,성장동력,29,말로,0.826146125793457
cbow,성장동력,30,해하,0.8253535032272339
cbow,성장동력,31,무방,0.8241128325462341
cbow,성장동력,32,품격,0.8220780491828918
cbow,성장동력,33,음,0.8193372488021851
cbow,성장동력,34,의구,0.8192847967147827
cbow,성장동력,35,혼란,0.8188135623931885
cbow,성장동력,36,픈,0.818395733833313
cbow,성장동력,37,구상,0.8180944323539734
cbow,성장동력,38,빠트리,0.8175390362739563
cbow,성장동력,39,밀실,0.8161124587059021
cbow,성장동력,40,추구,0.8156322836875916
cbow,성장동력,41,보나,0.8153456449508667
cbow,성장동력,42,발상,0.8146835565567017
cbow,성장동력,43,법치,0.8139972686767578
cbow,성장동력,44,원시,0.81296306848526
cbow,성장동력,45,민심,0.812903642654419
cbow,성장동력,46,성향,0.8127609491348267
cbow,성장동력,47,공산주의,0.8117315769195557
cbow,성장동력,48,진보,0.8114566802978516
cbow,성장동력,49,난제,0.8109574913978577
cbow,성장동력,50,개념,0.8109447360038757
cbow,안전환경,1,민주주의,0.7920898199081421
cbow,안전환경,2,평등,0.7743299007415771
cbow,안전환경,3,법치,0.7320234775543213
cbow,안전환경,4,기강,0.7168759703636169
cbow,안전환경,5,바르게,0.6954343318939209
cbow,안전환경,6,구현,0.685164213180542
cbow,안전환경,7,질서,0.6719911098480225
cbow,안전환경,8,법치국가,0.6677483320236206
cbow,안전환경,9,심판,0.6648836731910706
cbow,안전환경,10,준엄,0.6596159934997559
cbow,안전환경,11,공직,0.6511905789375305
cbow,안전환경,12,존중,0.6348305940628052
cbow,안전환경,13,수호,0.6279066801071167
cbow,안전환경,14,공평,0.6262902021408081
cbow,안전환경,15,중시,0.62326979637146
cbow,안전환경,16,공헌,0.6183748245239258
cbow,안전환경,17,존재,0.6048060059547424
cbow,안전환경,18,도덕,0.6037643551826477
cbow,안전환경,19,공정,0.6029720306396484
cbow,안전환경,20,실현,0.5986975431442261
cbow,안전환경,21,진정,0.5981931686401367
cbow,안전환경,22,예의,0.5977638959884644
cbow,안전환경,23,숙의,0.5952085852622986
cbow,안전환경,24,희망,0.5944479703903198
cbow,안전환경,25,원칙,0.5940096378326416
cbow,안전환경,26,악인,0.5919464826583862
cbow,안전환경,27,것입,0.5859451293945312
cbow,안전환경,28,교화,0.5854280591011047
cbow,안전환경,29,사법부,0.5817497372627258
cbow,안전환경,30,누굴,0.5747496485710144
cbow,안전환경,31,첫걸음,0.5740731954574585
cbow,안전환경,32,다수결,0.5723273754119873
cbow,안전환경,33,타이틀,0.5666944980621338
cbow,안전환경,34,가치,0.563606858253479
cbow,안전환경,35,샤리아,0.5633164644241333
cbow,안전환경,36,믿음,0.5628402233123779
cbow,안전환경,37,일사부재리,0.5623569488525391
cbow,안전환경,38,존립,0.5592122077941895
cbow,안전환경,39,지도자,0.5550398230552673
cbow,안전환경,40,주권,0.5547786355018616
cbow,안전환경,41,정치가,0.5539666414260864
cbow,안전환경,42,가혹,0.5527437925338745
cbow,안전환경,43,관대,0.5515651702880859
cbow,안전환경,44,성숙,0.5435192584991455
cbow,안전환경,45,기본권,0.5425693988800049
cbow,안전환경,46,악의,0.5416121482849121
cbow,안전환경,47,차별,0.5410391092300415
cbow,안전환경,48,영위,0.5404868125915527
cbow,안전환경,49,법앞,0.5397074222564697
cbow,안전환경,50,공산주의,0.5382272005081177
cbow,외교통일국방,1,평등,0.7157667875289917
cbow,외교통일국방,2,공정,0.693511962890625
cbow,외교통일국방,3,진정,0.6792659759521484
cbow,외교통일국방,4,민주주의,0.6786929368972778
cbow,외교통일국방,5,존중,0.6405637264251709
cbow,외교통일국방,6,양성평등,0.6405620574951172
cbow,외교통일국방,7,구현,0.6285596489906311
cbow,외교통일국방,8,공평,0.6237927079200745
cbow,외교통일국방,9,원칙,0.623719334602356
cbow,외교통일국방,10,법치,0.6054022312164307
cbow,외교통일국방,11,다수결,0.5811166763305664
cbow,외교통일국방,12,가치,0.5801087617874146
cbow,외교통일국방,13,정당성,0.5751577615737915
cbow,외교통일국방,14,맹점,0.575023353099823
cbow,외교통일국방,15,실천,0.572809100151062
cbow,외교통일국방,16,순조,0.5728030204772949
cbow,외교통일국방,17,도리,0.5725542306900024
cbow,외교통일국방,18,자유민주,0.5717273950576782
cbow,외교통일국방,19,추구,0.5709863901138306
cbow,외교통일국방,20,도덕,0.5661618709564209
cbow,외교통일국방,21,중시,0.5647773742675781
cbow,외교통일국방,22,슬기,0.5643534660339355
cbow,외교통일국방,23,조화,0.5623448491096497
cbow,외교통일국방,24,자유도,0.560306191444397
cbow,외교통일국방,25,건전,0.5592054128646851
cbow,외교통일국방,26,관습,0.5587998628616333
cbow,외교통일국방,27,존속,0.5586668848991394
cbow,외교통일국방,28,행복,0.5571494102478027
cbow,외교통일국방,29,정체,0.5570164322853088
cbow,외교통일국방,30,라야,0.5545659065246582
cbow,외교통일국방,31,구성원,0.553808331489563
cbow,외교통일국방,32,실현,0.5530500411987305
cbow,외교통일국방,33,잣,0.549330472946167
cbow,외교통일국방,34,적폐란,0.5481092929840088
cbow,외교통일국방,35,원리,0.5469348430633545
cbow,외교통일국방,36,다양성,0.5450100302696228
cbow,외교통일국방,37,위태롭,0.543220043182373
cbow,외교통일국방,38,사명,0.5409131050109863
cbow,외교통일국방,39,숨키,0.5333929061889648
cbow,외교통일국방,40,이념,0.5333777666091919
cbow,외교통일국방,41,성은,0.5325705409049988
cbow,외교통일국방,42,근본,0.5324147343635559
cbow,외교통일국방,43,권리,0.5293381214141846
cbow,외교통일국방,44,헌법,0.5243650078773499
cbow,외교통일국방,45,바르게,0.5229352712631226
cbow,외교통일국방,46,부정,0.5220882892608643
cbow,외교통일국방,47,소수자,0.5220025777816772
cbow,외교통일국방,48,긍정,0.520553708076477
cbow,외교통일국방,49,척폐,0.5202948451042175
cbow,외교통일국방,50,발상,0.5199338793754578
cbow,육아교육,1,민주주의,0.7073690891265869
cbow,육아교육,2,평등,0.7034013271331787
cbow,육아교육,3,진리,0.6699281334877014
cbow,육아교육,4,가치,0.651004433631897
cbow,육아교육,5,구현,0.6411948800086975
cbow,육아교육,6,바르게,0.6353689432144165
cbow,육아교육,7,공정,0.6337713003158569
cbow,육아교육,8,첫걸음,0.6129062175750732
cbow,육아교육,9,백과사전,0.6058083772659302
cbow,육아교육,10,부자유,0.604894757270813
cbow,육아교육,11,비핵화,0.6039291024208069
cbow,육아교육,12,지향,0.590498149394989
cbow,육아교육,13,공평,0.5895776152610779
cbow,육아교육,14,지혜,0.5892493724822998
cbow,육아교육,15,믿음,0.5870265364646912
cbow,육아교육,16,확립,0.5826685428619385
cbow,육아교육,17,진정,0.5799710750579834
cbow,육아교육,18,주창,0.5783630013465881
cbow,육아교육,19,희망이,0.572048008441925
cbow,육아교육,20,다양성,0.5700405240058899
cbow,육아교육,21,기회균등,0.5677292346954346
cbow,육아교육,22,실현,0.5668737888336182
cbow,육아교육,23,다운,0.5640186667442322
cbow,육아교육,24,자아,0.560065507888794
cbow,육아교육,25,통념,0.5598598718643188
cbow,육아교육,26,추구,0.5597596764564514
cbow,육아교육,27,양성평등,0.559059202671051
cbow,육아교육,28,소망,0.5587848424911499
cbow,육아교육,29,위대,0.5567505359649658
cbow,육아교육,30,존중,0.5555194616317749
cbow,육아교육,31,외면,0.5555095672607422
cbow,육아교육,32,승리,0.5549331903457642
cbow,육아교육,33,슬기,0.552483081817627
cbow,육아교육,34,정치가,0.5515943765640259
cbow,육아교육,35,기성세대,0.5511871576309204
cbow,육아교육,36,법치,0.5509907007217407
cbow,육아교육,37,오점,0.5491123795509338
cbow,육아교육,38,인간,0.5490670204162598
cbow,육아교육,39,깨닭,0.5487704277038574
cbow,육아교육,40,강조,0.5479516983032227
cbow,육아교육,41,평화,0.5478895902633667
cbow,육아교육,42,승자,0.5470324754714966
cbow,육아교육,43,신념,0.5464956164360046
cbow,육아교육,44,건전,0.5445821285247803
cbow,육아교육,45,진실,0.5433402061462402
cbow,육아교육,46,앞날,0.5397055745124817
cbow,육아교육,47,질서,0.5390487313270569
cbow,육아교육,48,실천,0.5389689803123474
cbow,육아교육,49,공헌,0.5371626019477844
cbow,육아교육,50,진자,0.5369696617126465
cbow,인권성평등,1,구현,0.732160747051239
cbow,인권성평등,2,법치국가,0.6846683621406555
cbow,인권성평등,3,진리,0.6269500255584717
cbow,인권성평등,4,민주주의,0.6156851053237915
cbow,인권성평등,5,저울,0.6015039682388306
cbow,인권성평등,6,바르게,0.600627601146698
cbow,인권성평등,7,실현,0.5927136540412903
cbow,인권성평등,8,진정,0.5705617666244507
cbow,인권성평등,9,준엄,0.5653032064437866
cbow,인권성평등,10,공정,0.5637160539627075
cbow,인권성평등,11,공평,0.5609396696090698
cbow,인권성평등,12,단죄,0.5579817295074463
cbow,인권성평등,13,심판,0.5557547807693481
cbow,인권성평등,14,질서,0.5553905963897705
cbow,인권성평등,15,법치,0.5537416934967041
cbow,인권성평등,16,법앞,0.5456929802894592
cbow,인권성평등,17,사법부,0.5429911613464355
cbow,인권성평등,18,원리,0.542033851146698
cbow,인권성평등,19,삼권분립,0.5393210649490356
cbow,인권성평등,20,확립,0.5377055406570435
cbow,인권성평등,21,근간,0.5269441604614258
cbow,인권성평등,22,만인,0.5238382816314697
cbow,인권성평등,23,이나라,0.5201927423477173
cbow,인권성평등,24,롭다,0.5172874927520752
cbow,인권성평등,25,믿음,0.5127415657043457
cbow,인권성평등,26,진실,0.5112684369087219
cbow,인권성평등,27,만들기,0.5100820064544678
cbow,인권성평등,28,냉정,0.5076304078102112
cbow,인권성평등,29,풍토,0.4971039593219757
cbow,인권성평등,30,권력자,0.4964583218097687
cbow,인권성평등,31,법질서,0.4937482178211212
cbow,인권성평등,32,무식,0.4923730492591858
cbow,인권성평등,33,누굴,0.49112755060195923
cbow,인권성평등,34,깨끗,0.4909747838973999
cbow,인권성평등,35,과연,0.4899313747882843
cbow,인권성평등,36,롭던,0.4863545894622803
cbow,인권성평등,37,분립,0.4855043888092041
cbow,인권성평등,38,사회인,0.48222172260284424
cbow,인권성평등,39,자본주의,0.4769745469093323
cbow,인권성평등,40,헬조선,0.4762360155582428
cbow,인권성평등,41,수호,0.47604379057884216
cbow,인권성평등,42,악암,0.4752810597419739
cbow,인권성평등,43,나라,0.4741266965866089
cbow,인권성평등,44,대수,0.4725428819656372
cbow,인권성평등,45,땅,0.4718550741672516
cbow,인권성평등,46,무르,0.4717940092086792
cbow,인권성평등,47,포청천,0.4705654978752136
cbow,인권성평등,48,처단,0.47015923261642456
cbow,인권성평등,49,개혁,0.47002270817756653
cbow,인권성평등,50,최후,0.46997252106666565
cbow,일자리,1,평등,0.7734706401824951
cbow,일자리,2,구현,0.7337270975112915
cbow,일자리,3,민주주의,0.7110017538070679
cbow,일자리,4,공평,0.6860461831092834
cbow,일자리,5,지혜,0.6856184005737305
cbow,일자리,6,유토피아,0.648351788520813
cbow,일자리,7,존중,0.648180365562439
cbow,일자리,8,실현,0.6439113020896912
cbow,일자리,9,공정사회,0.6401949524879456
cbow,일자리,10,이념,0.6378130912780762
cbow,일자리,11,위대,0.6360670924186707
cbow,일자리,12,공정,0.6323122382164001
cbow,일자리,13,망상,0.6312545537948608
cbow,일자리,14,자본주의,0.6265672445297241
cbow,일자리,15,법조인,0.6213333606719971
cbow,일자리,16,적페,0.6201623678207397
cbow,일자리,17,신념,0.6195777654647827
cbow,일자리,18,균등,0.6193282604217529
cbow,일자리,19,냉정,0.6178628206253052
cbow,일자리,20,현명,0.617090106010437
cbow,일자리,21,청산,0.6169390082359314
cbow,일자리,22,법치국가,0.6147982478141785
cbow,일자리,23,롭다,0.6132284998893738
cbow,일자리,24,공헌,0.6113103628158569
cbow,일자리,25,철학,0.6108599901199341
cbow,일자리,26,믿음,0.6098690032958984
cbow,일자리,27,정치가,0.609031617641449
cbow,일자리,28,소신,0.6073748469352722
cbow,일자리,29,구호,0.6059923768043518
cbow,일자리,30,학자,0.6051374673843384
cbow,일자리,31,수호,0.6047936677932739
cbow,일자리,32,진정,0.6030006408691406
cbow,일자리,33,사회인,0.6026016473770142
cbow,일자리,34,유익,0.5987958312034607
cbow,일자리,35,공산주의,0.593953013420105
cbow,일자리,36,법앞,0.5935917496681213
cbow,일자리,37,법치,0.5935482978820801
cbow,일자리,38,나발,0.5934101343154907
cbow,일자리,39,진실,0.591850221157074
cbow,일자리,40,신뢰,0.5905141234397888
cbow,일자리,41,군림,0.5865364074707031
cbow,일자리,42,인류,0.5856153964996338
cbow,일자리,43,사악,0.5846580266952515
cbow,일자리,44,소망,0.5831266641616821
cbow,일자리,45,경제민주화,0.5819393396377563
cbow,일자리,46,존엄,0.5808455944061279
cbow,일자리,47,폐단,0.5804119110107422
cbow,일자리,48,부페,0.5770657062530518
cbow,일자리,49,사회주의,0.5766683220863342
cbow,일자리,50,정당화,0.575323224067688
cbow,저출산고령화대책,1,동물,0.9843621253967285
cbow,저출산고령화대책,2,공정,0.9836787581443787
cbow,저출산고령화대책,3,헛소리,0.9809221029281616
cbow,저출산고령화대책,4,마인드,0.9802675247192383
cbow,저출산고령화대책,5,망,0.9796291589736938
cbow,저출산고령화대책,6,일원,0.9793186783790588
cbow,저출산고령화대책,7,망치,0.9788181185722351
cbow,저출산고령화대책,8,분열,0.9780608415603638
cbow,저출산고령화대책,9,평화,0.9778122901916504
cbow,저출산고령화대책,10,십분,0.9776976108551025
cbow,저출산고령화대책,11,반발,0.9775316119194031
cbow,저출산고령화대책,12,폐해,0.9773412942886353
cbow,저출산고령화대책,13,후세,0.9766490459442139
cbow,저출산고령화대책,14,한반도,0.9761907458305359
cbow,저출산고령화대책,15,투성이,0.9756778478622437
cbow,저출산고령화대책,16,헬,0.9756360054016113
cbow,저출산고령화대책,17,분노,0.9755856394767761
cbow,저출산고령화대책,18,거창,0.975493848323822
cbow,저출산고령화대책,19,피고,0.9749739766120911
cbow,저출산고령화대책,20,떳떳,0.9749362468719482
cbow,저출산고령화대책,21,랄,0.9749059677124023
cbow,저출산고령화대책,22,표명,0.974743127822876
cbow,저출산고령화대책,23,소수,0.9744275808334351
cbow,저출산고령화대책,24,정상회담,0.9743666648864746
cbow,저출산고령화대책,25,우롱,0.9743081331253052
cbow,저출산고령화대책,26,편견,0.9742165803909302
cbow,저출산고령화대책,27,응원,0.9741523861885071
cbow,저출산고령화대책,28,진지,0.9740537405014038
cbow,저출산고령화대책,29,전해,0.9735689163208008
cbow,저출산고령화대책,30,기원,0.9735054969787598
cbow,저출산고령화대책,31,개인주의,0.9734901189804077
cbow,저출산고령화대책,32,존속,0.9733988046646118
cbow,저출산고령화대책,33,중국인,0.9729595184326172
cbow,저출산고령화대책,34,잡종,0.9728070497512817
cbow,저출산고령화대책,35,지식인,0.9727734327316284
cbow,저출산고령화대책,36,댓,0.9725441932678223
cbow,저출산고령화대책,37,보신,0.9724003076553345
cbow,저출산고령화대책,38,여론,0.9723548889160156
cbow,저출산고령화대책,39,일조,0.9723013639450073
cbow,저출산고령화대책,40,통제,0.9722681045532227
cbow,저출산고령화대책,41,양부모,0.9720417261123657
cbow,저출산고령화대책,42,당국,0.9720076322555542
cbow,저출산고령화대책,43,황당,0.9719498753547668
cbow,저출산고령화대책,44,지도자,0.9718685150146484
cbow,저출산고령화대책,45,움직임,0.9718650579452515
cbow,저출산고령화대책,46,보살,0.9718202352523804
cbow,저출산고령화대책,47,노릇,0.9718162417411804
cbow,저출산고령화대책,48,비판,0.9716538190841675
cbow,저출산고령화대책,49,주의,0.9716180562973022
cbow,저출산고령화대책,50,도태,0.971403956413269
cbow,정치개혁,1,공정,0.6696300506591797
cbow,정치개혁,2,구현,0.6460379362106323
cbow,정치개혁,3,로움,0.6213876008987427
cbow,정치개혁,4,법치,0.6068395376205444
cbow,정치개혁,5,법치국가,0.5901762843132019
cbow,정치개혁,6,실현,0.576793909072876
cbow,정치개혁,7,롭다,0.5581778287887573
cbow,정치개혁,8,정의도,0.5451279878616333
cbow,정치개혁,9,진리,0.5281023383140564
cbow,정치개혁,10,깨끗,0.5208287239074707
cbow,정치개혁,11,진정,0.501273512840271
cbow,정치개혁,12,보루,0.49738675355911255
cbow,정치개혁,13,바르게,0.4960465431213379
cbow,정치개혁,14,근간,0.4948694109916687
cbow,정치개혁,15,최후,0.4923960268497467
cbow,정치개혁,16,사회인,0.49191707372665405
cbow,정치개혁,17,공정사회,0.49066150188446045
cbow,정치개혁,18,승복,0.4809233546257019
cbow,정치개혁,19,진실,0.47902214527130127
cbow,정치개혁,20,민주주의,0.4778086543083191
cbow,정치개혁,21,양심,0.47757619619369507
cbow,정치개혁,22,불의,0.4763314127922058
cbow,정치개혁,23,악인,0.4743039608001709
cbow,정치개혁,24,약자,0.4733898341655731
cbow,정치개혁,25,평등,0.46887707710266113
cbow,정치개혁,26,순조,0.4673919975757599
cbow,정치개혁,27,지혜,0.46295931935310364
cbow,정치개혁,28,법질서,0.46217626333236694
cbow,정치개혁,29,루니,0.45994311571121216
cbow,정치개혁,30,롭겠,0.4570773243904114
cbow,정치개혁,31,공평,0.4551478624343872
cbow,정치개혁,32,슬기,0.45316559076309204
cbow,정치개혁,33,가치관,0.4531315565109253
cbow,정치개혁,34,풍요,0.453041136264801
cbow,정치개혁,35,애처,0.45289677381515503
cbow,정치개혁,36,확립,0.45271024107933044
cbow,정치개혁,37,법앞,0.4465876519680023
cbow,정치개혁,38,피타고라스,0.4437251687049866
cbow,정치개혁,39,만인,0.4410357177257538
cbow,정치개혁,40,삼권분립,0.44050082564353943
cbow,정치개혁,41,롭습,0.4383201003074646
cbow,정치개혁,42,떳떳,0.4351077973842621
cbow,정치개혁,43,천금,0.4348145127296448
cbow,정치개혁,44,자유민주,0.4289870262145996
cbow,정치개혁,45,경종,0.4288732409477234
cbow,정치개혁,46,성역,0.4269864559173584
cbow,정치개혁,47,청렴,0.4250732958316803
cbow,정치개혁,48,여신,0.4250631332397461
cbow,정치개혁,49,다운,0.4248817563056946
cbow,정치개혁,50,자연법,0.4244025945663452
cbow,행정,1,구현,0.8203483819961548
cbow,행정,2,실현,0.7603939771652222
cbow,행정,3,평등,0.7384560108184814
cbow,행정,4,민주주의,0.7240563631057739
cbow,행정,5,법치,0.7169211506843567
cbow,행정,6,근간,0.6941099166870117
cbow,행정,7,법치국가,0.6807140707969666
cbow,행정,8,존중,0.6757405400276184
cbow,행정,9,법질서,0.6734887361526489
cbow,행정,10,결코,0.6640688180923462
cbow,행정,11,순조,0.6557915210723877
cbow,행정,12,공정사회,0.6553235650062561
cbow,행정,13,실천,0.6483261585235596
cbow,행정,14,공정,0.6467509269714355
cbow,행정,15,법앞,0.640204906463623
cbow,행정,16,공평,0.6315045952796936
cbow,행정,17,자본주의,0.6191705465316772
cbow,행정,18,확립,0.6127350330352783
cbow,행정,19,한나라,0.608076810836792
cbow,행정,20,군림,0.5983465313911438
cbow,행정,21,질서,0.5967326164245605
cbow,행정,22,판관,0.5942200422286987
cbow,행정,23,이나라,0.5931626558303833
cbow,행정,24,숙의,0.5887096524238586
cbow,행정,25,반칙,0.5863736271858215
cbow,행정,26,사법부,0.5812796354293823
cbow,행정,27,진실,0.5795578956604004
cbow,행정,28,바름,0.5782802104949951
cbow,행정,29,중요성,0.5767995119094849
cbow,행정,30,롭다,0.5758156180381775
cbow,행정,31,균형,0.5740170478820801
cbow,행정,32,이바지,0.5728270411491394
cbow,행정,33,정성,0.5715664625167847
cbow,행정,34,추상,0.5703072547912598
cbow,행정,35,만들기,0.5696769952774048
cbow,행정,36,인간,0.566921591758728
cbow,행정,37,시장경제,0.5654150247573853
cbow,행정,38,이념,0.5643126964569092
cbow,행정,39,존립,0.5615726709365845
cbow,행정,40,추구,0.5612562894821167
cbow,행정,41,계승,0.5593316555023193
cbow,행정,42,누굴,0.558261513710022
cbow,행정,43,국익,0.5570607781410217
cbow,행정,44,삼권분립,0.556751012802124
cbow,행정,45,자유시장경제,0.5557538866996765
cbow,행정,46,악법,0.5552639365196228
cbow,행정,47,서고,0.5552229285240173
cbow,행정,48,환골탈태,0.5540522933006287
cbow,행정,49,법위,0.5519044995307922
cbow,행정,50,청렴,0.5517524480819702
